HG00119		SAME125348
HG00121		SAME122873
HG00126		SAME122872
HG00133		SAME123062
HG00138		SAME123059
HG00140		SAME124396
HG00145		SAME124391
HG00102		SAME123945
HG00107		SAME123947
HG00114		SAME125343
HG00099		SAME123271
HG00152		SAME124593
HG00157		SAME124590
HG00171		SAME124961
HG00284		SAME122835
HG00304		SAME1840118
HG00309		SAME124160
HG00311		SAME124339
HG00265		SAME123579
HG00272		SAME123420
HG00277		SAME123423
HG00176		SAME124956
HG00183		SAME123642
HG00188		SAME123641
HG00190		SAME123856
HG00234		SAME124123
HG00239		SAME124130
HG00246		SAME123219
HG00359		SAME125127
HG00361		SAME124538
HG00366		SAME124541
HG00253		SAME123051
HG00258		SAME123057
HG00260		SAME123582
HG00323		SAME123795
HG00328		SAME123799
HG00330		SAME123985
HG00335		SAME123982
HG00342		SAME124924
HG00513		SAME123526
HG00525		SAME123242
HG00532		SAME125268
HG00537		SAME124345
HG00544		SAME124086
HG00551		SAME124252
HG00556		SAME123971
HG00474		SAME123343
HG00479		SAME123334
HG00501		SAME123362
HG00373		SAME124749
HG00378		SAME124745
HG00380		SAME123031
HG00405		SAME123159
HG00619		SAME125193
HG00621		SAME123082
HG00626		SAME123078
HG00633		SAME1839144
HG00436		SAME125262
HG00443		SAME124920
HG00448		SAME124200
HG00450		SAME125167
HG00599		SAME1839802
HG00607		SAME125373
HG00614		SAME125195
HG00582		SAME124830
HG00594		SAME125005
HG00429		SAME122812
HG00638		SAME123652
HG00640		SAME123434
HG00652		SAME123252
HG00657		SAME123255
HG00664		SAME123814
HG00671		SAME123604
HG00676		SAME1840071
HG00683		SAME123892
HG00690		SAME123686
HG01028		SAME123524
HG01047		SAME123166
HG01054		SAME123663
HG01097		SAME122924
HG01100		SAME123676
HG01105		SAME123673
HG00703		SAME122933
HG00708		SAME122940
HG01080		SAME125333
HG01085		SAME125391
HG01092		SAME1839489
HG01061		SAME122821
HG01066		SAME124294
HG01073		SAME124095
HG00741		SAME124833
HG00866		SAME123549
HG00734		SAME123016
HG00739		SAME125113
HG01148		SAME124424
HG01150		SAME124216
HG01162		SAME1839707
HG01167		SAME124798
HG01112		SAME123485
HG01124		SAME124053
HG01131		SAME1839985
HG01136		SAME123889
HG01357		SAME124681
HG01364		SAME1839152
HG01369		SAME1839124
HG01376		SAME124289
HG01249		SAME125057
HG01251		SAME125282
HG01256		SAME125287
HG01198		SAME125228
HG01206		SAME124295
HG01345		SAME124863
HG01352		SAME124686
HG01302		SAME1840038
HG01326		SAME1839598
HG01275		SAME123002
HG01174		SAME124619
HG01573		SAME124347
HG01578		SAME124351
HG01597		SAME125226
HG01600		SAME123456
HG01484		SAME1839960
HG01489		SAME123972
HG01491		SAME124140
HG01496		SAME124133
HG01383		SAME122971
HG01390		SAME122805
HG01395		SAME1840207
HG01403		SAME1839867
HG01415		SAME1839705
HG01439		SAME124972
HG01530		SAME125137
HG01566		SAME124564
HG01516		SAME124773
HG01523		SAME125322
HG01528		SAME125329
HG01504		SAME124945
HG01509		SAME124940
HG01511		SAME124770
HG01441		SAME123236
HG01453		SAME1839159
HG01465		SAME122882
HG01477		SAME1840183
HG01617		SAME123630
HG01624		SAME123840
HG01629		SAME123836
HG01631		SAME124035
HG01763		SAME124812
HG01768		SAME1839665
HG01770		SAME124638
HG01775		SAME124633
HG01667		SAME123116
HG01674		SAME123286
HG01679		SAME123293
HG01681		SAME124655
HG01782		SAME124426
HG01787		SAME1839306
HG01794		SAME124218
HG01686		SAME124658
HG01698		SAME1839214
HG01701		SAME123262
HG01706		SAME123263
HG01756		SAME124988
HG01605		SAME123459
HG01612		SAME123625
HG01840		SAME123552
HG01845		SAME123555
HG01852		SAME123750
HG01799		SAME124227
HG01802		SAME124307
HG01807		SAME124303
HG02014		SAME123448
HG02019		SAME123450
HG02021		SAME125171
HG02026		SAME125315
HG01958		SAME1839349
HG01960		SAME1839076
HG01965		SAME1839145
HG01972		SAME124329
HG01939		SAME123592
HG01941		SAME124149
HG01946		SAME124154
HG01953		SAME123974
HG01977		SAME124324
HG01984		SAME1840105
HG01989		SAME1840166
HG01871		SAME123398
HG01883		SAME122848
HG01888		SAME122852
HG01922		SAME123787
HG01927		SAME123784
HG01934		SAME123589
HG01890		SAME123028
HG01895		SAME1840349
HG01915		SAME1839757
HG01991		SAME124743
HG02002		SAME123618
HG01857		SAME123748
HG01864		SAME123197
HG01869		SAME123192
HG02083		SAME124962
HG02088		SAME124820
HG02090		SAME124651
HG02095		SAME1839064
HG02057		SAME124146
HG02064		SAME1839658
HG02069		SAME123375
HG02071		SAME123102
HG02076		SAME124913
HG02146		SAME1839613
HG02153		SAME124791
HG02165		SAME124208
HG02254		SAME1839344
HG02259		SAME1839319
HG02261		SAME1839134
HG02108		SAME1840201
HG02122		SAME123478
HG02127		SAME123476
HG02134		SAME1839875
HG02139		SAME123660
HG02141		SAME124611
HG02223		SAME1839584
HG02230		SAME1839383
HG02235		SAME123521
HG02040		SAME1839803
HG02052		SAME1839545
HG02184		SAME123216
HG02189		SAME125040
HG02266		SAME1839110
HG02273		SAME1840309
HG02278		SAME1840367
HG02280		SAME1840096
HG02367		SAME1840113
HG02374		SAME1840247
HG02379		SAME1840217
HG02381		SAME1840033
HG02386		SAME1840001
HG02285		SAME122914
HG02292		SAME1839943
HG02300		SAME1839856
HG02451		SAME1840138
HG02463		SAME1839983
HG02470		SAME1839744
HG02420		SAME1839320
HG02425		SAME1839043
HG02449		SAME1840404
HG02312		SAME1839684
HG02317		SAME1839656
HG02343		SAME1839091
HG02348		SAME1839063
HG02355		SAME1840269
HG02494		SAME1839698
HG02398		SAME1839845
HG02401		SAME1839415
HG02406		SAME1839394
HG02704		SAME1840134
HG02716		SAME1839981
HG02723		SAME1839742
HG02728		SAME1839722
HG02502		SAME1839272
HG02514		SAME1839133
HG02521		SAME1840327
HG02526		SAME1840308
HG02595		SAME1839204
HG02603		SAME1840287
HG02610		SAME1840405
HG02684		SAME1839292
HG02689		SAME1839355
HG02691		SAME1839084
HG02696		SAME1839149
HG02646		SAME1839770
HG02653		SAME1839537
HG02658		SAME1839597
HG02660		SAME1839672
HG02677		SAME1839483
HG02571		SAME1839577
HG02583		SAME1839429
HG02588		SAME1839404
HG02590		SAME1839222
HG02545		SAME1839939
HG02557		SAME1840061
HG02569		SAME1839892
HG02615		SAME1840380
HG02622		SAME1840185
HG02634		SAME1840031
HG02773		SAME1839034
HG02778		SAME1839100
HG02780		SAME1839169
HG02785		SAME1840298
HG02735		SAME1839866
HG02759		SAME1839445
HG02761		SAME1839262
HG02982		SAME1840015
HG03012		SAME1839924
HG03017		SAME1839956
HG02792		SAME1840416
HG02800		SAME1840000
HG02805		SAME1840081
HG02879		SAME1840355
HG02881		SAME1840178
HG02886		SAME1840151
HG02812		SAME1839846
HG02817		SAME1839819
HG02836		SAME1839428
HG02968		SAME1840108
HG02970		SAME1840260
HG02975		SAME1840232
HG02855		SAME1839330
HG02862		SAME1839123
HG02944		SAME1839082
HG03202		SAME1839602
HG03238		SAME1839289
HG03240		SAME1839050
HG03048		SAME1839647
HG03050		SAME1839482
HG03055		SAME1839514
HG03062		SAME1839220
HG03074		SAME1839029
HG03079		SAME1839051
HG03081		SAME1840310
HG03086		SAME1840331
HG03098		SAME1840136
HG03101		SAME1840008
HG03163		SAME1839118
HG03168		SAME1839143
HG03170		SAME1840383
HG03113		SAME1839901
HG03118		SAME1839830
HG03120		SAME1839557
HG03125		SAME1839675
HG03132		SAME1839373
HG03137		SAME1839390
HG03175		SAME1840407
HG03194		SAME1839914
HG03199		SAME1839937
HG03024		SAME1839799
HG03029		SAME1839733
HG03478		SAME1839618
HG03480		SAME1839381
HG03485		SAME1839469
HG03492		SAME1839196
HG03459		SAME1839793
HG03461		SAME1839808
HG03466		SAME1839839
HG03473		SAME1839687
HG03269		SAME1840100
HG03271		SAME1840195
HG03295		SAME1839881
HG03391		SAME1839636
HG03411		SAME1839186
HG03428		SAME1840409
HG03303		SAME1839485
HG03308		SAME1839515
HG03310		SAME1839202
HG03372		SAME1839716
HG03384		SAME1839587
HG03442		SAME1839979
HG03454		SAME1839764
HG03517		SAME1840163
HG03339		SAME1840332
HG03341		SAME1840347
HG03365		SAME1840058
HG03644		SAME1839638
HG03649		SAME1839396
HG03651		SAME1839498
HG03656		SAME1839435
HG03663		SAME1839317
HG03707		SAME1839761
HG03714		SAME1839809
HG03719		SAME1839843
HG03721		SAME1839659
HG03598		SAME1839194
HG03606		SAME1840248
HG03618		SAME1840062
HG03574		SAME1839229
HG03579		SAME1839247
HG03593		SAME1839171
HG03694		SAME1840375
HG03699		SAME1840153
HG03702		SAME1840029
HG03668		SAME1839338
HG03682		SAME1840323
HG03687		SAME1840337
HG03620		SAME1839790
HG03625		SAME1839719
HG03733		SAME1839382
HG03738		SAME1839473
HG03740		SAME1839248
HG03745		SAME1839195
HG03548		SAME1839883
HG03567		SAME1839364
HG03788		SAME1840227
HG03790		SAME1839989
HG03795		SAME1839925
HG03769		SAME1839154
HG03771		SAME1840393
HG03783		SAME1840124
HG03896		SAME1839898
HG03904		SAME1839501
HG03909		SAME1839438
HG03911		SAME1839212
HG03916		SAME1839316
HG03803		SAME1839527
HG03808		SAME1839552
HG03815		SAME1839419
HG03872		SAME1840202
HG03884		SAME1840005
HG03846		SAME1839172
HG03858		SAME1840301
HG03752		SAME1839314
HG03757		SAME1839089
HG03822		SAME1839450
HG03834		SAME1839269
HG03978		SAME1839748
HG03985		SAME1839601
HG03992		SAME1839646
HG04161		SAME1840092
HG04173		SAME1839977
HG04180		SAME1840012
HG04185		SAME1839756
HG04142		SAME1839177
HG04147		SAME1839116
HG04159		SAME1840399
HG03928		SAME1839042
HG03930		SAME1839156
HG03942		SAME1840356
HG04039		SAME1839506
HG04053		SAME1839095
HG04058		SAME1839023
HG04003		SAME1839775
HG04015		SAME1839847
HG04022		SAME1839691
HG03947		SAME1840378
HG03973		SAME1839728
HG04128		SAME1839253
HG04135		SAME1839305
HG04060		SAME1839126
HG04096		SAME1840054
NA10847	GM10847	SAME124757
NA10854	GM10854	SAME124933
NA10859	GM10859	SAME124937
NA10861	GM10861	SAME125130
HG04301		SAME1839070
NA06985	GM06985	SAME124762
NA06997	GM06997	SAME124930
NA07349	GM07349	SAME123568
NA10830	GM10830	SAME124548
NA10835	GM10835	SAME124547
NA10842	GM10842	SAME124755
HG04192		SAME1839902
HG04197		SAME1839828
HG04200		SAME1839511
NA12045	GM12045	SAME123211
HG04212		SAME1839325
HG04217		SAME1839350
HG04229		SAME1839165
NA11840	GM11840	SAME125139
NA07022	GM07022	SAME125336
NA07034	GM07034	SAME122863
NA12057	GM12057	SAME123415
NA12146	GM12146	SAME124158
NA12273	GM12273	SAME123256
NA12329	GM12329	SAME123531
NA12336	GM12336	SAME125068
NA12343	GM12343	SAME125156
NA12348	GM12348	SAME125163
NA12386	GM12386	SAME124386
NA12413	GM12413	SAME124055
NA12778	GM12778	SAME124249
NA12812	GM12812	SAME123023
NA12817	GM12817	SAME123020
NA12716	GM12716	SAME123912
NA12761	GM12761	SAME124466
NA12766	GM12766	SAME124471
NA12829	GM12829	SAME125075
NA12843	GM12843	SAME123541
NA12874	GM12874	SAME123389
NA18505	GM18505	SAME125062
NA18517	GM18517	SAME124883
NA18485	GM18485	SAME124100
NA18497	GM18497	SAME124277
NA18500	GM18500	SAME123386
NA18543	GM18543	SAME124268
NA18548	GM18548	SAME124261
NA18550	GM18550	SAME124087
NA18555	GM18555	SAME124090
NA18531	GM18531	SAME124483
NA18536	GM18536	SAME124486
NA18911	GM18911	SAME123401
NA18916	GM18916	SAME123408
NA18923	GM18923	SAME123205
NA18930	GM18930	SAME123040
NA18935	GM18935	SAME123035
NA18872	GM18872	SAME125099
NA18877	GM18877	SAME125104
NA18909	GM18909	SAME123561
NA18853	GM18853	SAME124733
NA18858	GM18858	SAME124730
NA18860	GM18860	SAME124906
NA18865	GM18865	SAME124902
HG00158		SAME124585
HG00160		SAME124780
HG00177		SAME124957
HG00242		SAME123223
HG00247		SAME123220
HG00254		SAME123050
HG00259		SAME123056
HG00261		SAME123583
HG00266		SAME123576
HG00324		SAME123794
HG00329		SAME123798
HG00331		SAME123986
HG00336		SAME123983
HG00273		SAME123419
HG00278		SAME123425
HG00280		SAME122831
HG00285		SAME122836
HG00362		SAME124537
HG00367		SAME124540
HG00379		SAME124746
HG00189		SAME123640
HG00235		SAME124122
HG00343		SAME124923
HG00350		SAME125121
HG00355		SAME125125
HG00312		SAME124336
HG00475		SAME123342
HG00502		SAME123361
HG00514		SAME123522
HG00526		SAME123395
HG00627		SAME123079
HG00634		SAME122903
HG00639		SAME123650
HG00641		SAME123435
HG00533		SAME124353
HG00538		SAME124343
HG00552		SAME124253
HG00381		SAME123030
HG00406		SAME123156
HG00418		SAME122992
HG00610		SAME125199
HG00615		SAME125194
HG00622		SAME1839278
HG00420		SAME122807
HG00437		SAME125261
HG00444		SAME124190
HG00449		SAME123885
HG00451		SAME125159
HG00463		SAME123496
HG00590		SAME125009
HG00595		SAME125006
HG00608		SAME125369
HG00557		SAME124258
HG00583		SAME124829
HG00867		SAME123550
HG00879		SAME123399
HG00881		SAME123540
HG00956		SAME124319
HG00982		SAME123770
HG01029		SAME123523
HG01031		SAME123728
HG01048		SAME123169
HG00704		SAME122928
HG00709		SAME125334
HG00716		SAME123112
HG00728		SAME1840267
HG00730		SAME1840412
HG00735		SAME123042
HG00742		SAME1840188
HG00759		SAME125020
HG00766		SAME124458
HG00653		SAME123251
HG00658		SAME123241
HG00672		SAME123606
HG01074		SAME124070
HG01079		SAME123013
HG01081		SAME125395
HG01086		SAME125394
HG00684		SAME123890
HG00689		SAME123893
HG00691		SAME123161
HG01050		SAME123180
HG01055		SAME123638
HG01062		SAME123014
HG01067		SAME122997
HG01106		SAME123674
HG01113		SAME123484
HG01098		SAME123490
HG01101		SAME123677
HG01322		SAME1839539
HG01327		SAME1839599
HG01334		SAME123533
HG01341		SAME124859
HG01346		SAME124860
HG01365		SAME124508
HG01372		SAME1840339
HG01377		SAME124288
HG01384		SAME122969
HG01389		SAME122972
HG01252		SAME125283
HG01257		SAME125288
HG01269		SAME1839257
HG01271		SAME122998
HG01276		SAME122999
HG01303		SAME1840027
HG01308		SAME1840002
HG01353		SAME124685
HG01358		SAME124688
HG01360		SAME122855
HG01168		SAME124796
HG01170		SAME124623
HG01175		SAME124618
HG01125		SAME124054
HG01137		SAME123888
HG01149		SAME124425
HG01182		SAME124789
HG01187		SAME124783
HG01199		SAME124366
HG01593		SAME1839634
HG01598		SAME125239
HG01601		SAME123455
HG01606		SAME123458
HG01524		SAME125327
HG01529		SAME125330
HG01531		SAME125136
HG01536		SAME125135
HG01550		SAME124009
HG01492		SAME124137
HG01497		SAME124134
HG01500		SAME124941
HG01505		SAME124946
HG01454		SAME1840304
HG01459		SAME1840278
HG01461		SAME122879
HG01466		SAME122881
HG01473		SAME1840192
HG01391		SAME122804
HG01396		SAME1839954
HG01404		SAME1839868
HG01411		SAME1839629
HG01567		SAME124565
HG01579		SAME124350
HG01586		SAME1839879
HG01435		SAME1839239
HG01442		SAME123238
HG01447		SAME1839099
HG01512		SAME124769
HG01517		SAME124772
HG01480		SAME1839974
HG01485		SAME1840047
HG01625		SAME123839
HG01632		SAME124032
HG01668		SAME123111
HG01670		SAME123290
HG01675		SAME123287
HG01682		SAME124654
HG01687		SAME124657
HG01694		SAME124844
HG01613		SAME123626
HG01618		SAME123631
HG01620		SAME123844
HG01699		SAME1839210
HG01702		SAME123259
HG01707		SAME123264
HG01757		SAME124987
HG01764		SAME1839689
HG01769		SAME1839655
HG01771		SAME124637
HG01776		SAME124632
HG01783		SAME124427
HG01808		SAME124300
HG01810		SAME124519
HG01815		SAME124524
HG01841		SAME123551
HG01846		SAME123558
HG01853		SAME123751
HG01858		SAME123754
HG01860		SAME123201
HG01790		SAME124222
HG01795		SAME124217
HG02008		SAME123621
HG02010		SAME123444
HG02015		SAME123447
HG01947		SAME124155
HG01954		SAME123980
HG01959		SAME1839343
HG01961		SAME1839067
HG01985		SAME1840099
HG01992		SAME124742
HG01997		SAME124740
HG02003		SAME123619
HG01928		SAME123782
HG01935		SAME123588
HG01942		SAME124150
HG01884		SAME122845
HG01889		SAME122851
HG01891		SAME123029
HG01896		SAME1840348
HG01973		SAME124328
HG01978		SAME124332
HG01980		SAME124917
HG01916		SAME1839853
HG01923		SAME123788
HG02027		SAME125318
HG02046		SAME1839777
HG01865		SAME123196
HG01872		SAME123995
HG02089		SAME124821
HG02091		SAME124650
HG02104		SAME123874
HG02111		SAME1839922
HG02229		SAME1839649
HG02231		SAME1839376
HG02236		SAME123520
HG02250		SAME1839268
HG02255		SAME1839337
HG02262		SAME1839128
HG02267		SAME1839106
HG02274		SAME1840306
HG02116		SAME1839990
HG02128		SAME123475
HG02130		SAME1839904
HG02135		SAME1839872
HG02053		SAME1839543
HG02058		SAME125319
HG02060		SAME1839679
HG02185		SAME123215
HG02217		SAME1839826
HG02224		SAME1839579
HG02142		SAME124614
HG02147		SAME1839700
HG02072		SAME123105
HG02077		SAME123108
HG02084		SAME124973
HG02154		SAME124794
HG02166		SAME124207
HG02173		SAME1839041
HG02178		SAME124414
HG02180		SAME123208
HG02464		SAME1839978
HG02471		SAME1839741
HG02476		SAME1839717
HG02490		SAME1839625
HG02279		SAME1840362
HG02281		SAME1840094
HG02286		SAME122912
HG02318		SAME1839391
HG02325		SAME1839521
HG02332		SAME1839315
HG02337		SAME1839296
HG02344		SAME1839087
HG02293		SAME1839934
HG02298		SAME1839913
HG02301		SAME124280
HG02351		SAME1840284
HG02356		SAME1840261
HG02363		SAME1840379
HG02375		SAME1840244
HG02382		SAME1840025
HG02387		SAME1839998
HG02394		SAME123305
HG02495		SAME1839694
HG02508		SAME1839334
HG02399		SAME1839842
HG02402		SAME1839412
HG02407		SAME1839464
HG02419		SAME1839244
HG02433		SAME1839175
HG02445		SAME1840341
HG02654		SAME1839530
HG02659		SAME1839590
HG02661		SAME1839667
HG02666		SAME1839386
HG02692		SAME1839078
HG02697		SAME1839142
HG02700		SAME1840159
HG02717		SAME1839976
HG02604		SAME1840282
HG02611		SAME1840401
HG02623		SAME1840182
HG02522		SAME1840326
HG02541		SAME1840214
HG02546		SAME1839932
HG02558		SAME1840057
HG02678		SAME1839477
HG02680		SAME1839308
HG02685		SAME1839286
HG02724		SAME1839740
HG02729		SAME1839715
HG02731		SAME1839886
HG02736		SAME1839860
HG02628		SAME1840238
HG02630		SAME1839963
HG02635		SAME1840023
HG02642		SAME1839792
HG02647		SAME1839762
HG02584		SAME1839425
HG02589		SAME1839401
HG02596		SAME1839201
HG02572		SAME1839570
HG02577		SAME1839642
HG02793		SAME1840415
HG02798		SAME1840387
HG02806		SAME1840079
HG02813		SAME1839841
HG03006		SAME1840242
HG03018		SAME1840053
HG03025		SAME1839711
HG02969		SAME1840103
HG02971		SAME1840255
HG02976		SAME1840223
HG02983		SAME1840009
HG02818		SAME1839810
HG02820		SAME1839591
HG02837		SAME1839422
HG02851		SAME1839352
HG02779		SAME1839097
HG02781		SAME1839167
HG02786		SAME1840292
HG02856		SAME1839327
HG02870		SAME1840320
HG02882		SAME1840171
HG02762		SAME1839258
HG02774		SAME1839028
HG02945		SAME1839075
HG02952		SAME1840275
HG02964		SAME1840122
HG02887		SAME1840147
HG02938		SAME1839284
HG03234		SAME1839357
HG03239		SAME1839295
HG03241		SAME1839053
HG03246		SAME1839168
HG03164		SAME1839121
HG03169		SAME1839148
HG03171		SAME1840386
HG03176		SAME1840414
HG03190		SAME1839984
HG03114		SAME1839907
HG03119		SAME1839833
HG03121		SAME1839563
HG03126		SAME1839683
HG03133		SAME1839375
HG03140		SAME1839243
HG03157		SAME1839083
HG03056		SAME1839518
HG03063		SAME1839226
HG03099		SAME1840146
HG03107		SAME1839755
HG03195		SAME1839919
HG03203		SAME1839609
HG03049		SAME1839653
HG03082		SAME1840316
HG03258		SAME1840296
HG03260		SAME1840140
HG03265		SAME1840167
HG03272		SAME1840199
HG03354		SAME1840249
HG03361		SAME1839942
HG03366		SAME1840066
HG03373		SAME1839720
HG03378		SAME1839743
HG03380		SAME1839569
HG03385		SAME1839594
HG03397		SAME1839400
HG03450		SAME1840030
HG03455		SAME1839766
HG03462		SAME1839817
HG03291		SAME1839861
HG03296		SAME1839887
HG03304		SAME1839490
HG03486		SAME1839474
HG03493		SAME1839198
HG03513		SAME1840143
HG03309		SAME1839520
HG03311		SAME1839206
HG03342		SAME1840350
HG03474		SAME1839693
HG03479		SAME1839623
HG03431		SAME1840101
HG03436		SAME1840120
HG03633		SAME1839571
HG03638		SAME1839592
HG03640		SAME1839621
HG03645		SAME1839641
HG03607		SAME1840254
HG03619		SAME1840064
HG03621		SAME1839794
HG03626		SAME1839723
HG03518		SAME1840169
HG03520		SAME1840186
HG03549		SAME1839890
HG03556		SAME1839553
HG03683		SAME1840325
HG03688		SAME1840265
HG03690		SAME1840365
HG03695		SAME1840128
HG03587		SAME1839302
HG03594		SAME1839181
HG03599		SAME1839111
HG03602		SAME1840220
HG03703		SAME1840032
HG03708		SAME1839773
HG03710		SAME1839891
HG03563		SAME1839421
HG03575		SAME1839236
HG03582		SAME1839271
HG03715		SAME1839815
HG03722		SAME1839664
HG03727		SAME1839695
HG03652		SAME1839505
HG03657		SAME1839439
HG03669		SAME1839345
HG03760		SAME1839105
HG03765		SAME1839131
HG03772		SAME1840398
HG03777		SAME1840340
HG03811		SAME1839397
HG03816		SAME1839424
HG03823		SAME1839456
HG03830		SAME1839341
HG03897		SAME1839906
HG03900		SAME1839476
HG03905		SAME1839503
HG03796		SAME1839928
HG03804		SAME1839533
HG03809		SAME1839554
HG03873		SAME1840205
HG03885		SAME1840013
HG03854		SAME1840283
HG03861		SAME1840156
HG03866		SAME1840087
HG03835		SAME1839273
HG03842		SAME1839160
HG03847		SAME1839179
HG03741		SAME1839251
HG03746		SAME1839200
HG03753		SAME1839062
HG03784		SAME1840210
HG03789		SAME1840237
HG03943		SAME1840361
HG03948		SAME1840129
HG03950		SAME1840233
HG03955		SAME1840181
HG04131		SAME1839279
HG04136		SAME1839310
HG04148		SAME1839115
HG04150		SAME1840289
HG03917		SAME1839323
HG03924		SAME1839018
HG03929		SAME1839046
HG03931		SAME1840305
HG04155		SAME1840381
HG04162		SAME1840098
HG04174		SAME1839982
HG04080		SAME1840211
HG04100		SAME1839536
HG04047		SAME1839221
HG04054		SAME1839094
HG04059		SAME1839031
HG04061		SAME1839140
HG03967		SAME1840072
HG03974		SAME1839735
HG03986		SAME1839605
HG04023		SAME1839696
HG04035		SAME1839487
HG04042		SAME1839203
HG03998		SAME1839408
NA07340	GM07340	SAME123573
NA07345	GM07345	SAME123570
NA07357	GM07357	SAME123412
NA10831	GM10831	SAME124549
NA10836	GM10836	SAME124545
NA12003	GM12003	SAME125142
NA12046	GM12046	SAME123213
NA12058	GM12058	SAME123416
HG04225		SAME1839048
HG04302		SAME1839069
NA06986	GM06986	SAME124764
NA11891	GM11891	SAME123046
NA11930	GM11930	SAME125095
NA11992	GM11992	SAME123964
NA10843	GM10843	SAME124754
NA10850	GM10850	SAME124929
NA10855	GM10855	SAME125331
HG04181		SAME1840018
HG04186		SAME1839753
HG04193		SAME1839811
HG04198		SAME1839835
HG04206		SAME1839447
NA06993	GM06993	SAME124934
NA11839	GM11839	SAME124555
NA12414	GM12414	SAME124057
NA12546	GM12546	SAME124777
NA12717	GM12717	SAME123911
NA12748	GM12748	SAME124827
NA12750	GM12750	SAME124646
NA12154	GM12154	SAME124959
NA12248	GM12248	SAME125372
NA12274	GM12274	SAME125249
HG00243		SAME123224
HG00248		SAME123226
HG00250		SAME123054
HG00142		SAME124818
HG00147		SAME124389
HG00154		SAME124587
HG00159		SAME124586
HG00173		SAME124960
HG00178		SAME124964
HG00180		SAME123645
HG00123		SAME122875
HG00128		SAME122868
HG00130		SAME123063
HG00135		SAME123068
HG00185		SAME123648
HG00231		SAME124126
HG00236		SAME123273
HG00255		SAME123049
HG00262		SAME123580
HG00267		SAME123577
HG00096		SAME123268
HG00104		SAME123950
HG00109		SAME125160
HG00111		SAME125340
HG00116		SAME125345
HG00419		SAME122991
HG00421		SAME122808
HG00438		SAME125267
HG00445		SAME124975
HG00534		SAME123915
HG00553		SAME124254
HG00452		SAME123115
HG00457		SAME123095
HG00464		SAME123497
HG00382		SAME123033
HG00407		SAME125106
HG00476		SAME123341
HG00344		SAME125255
HG00349		SAME124925
HG00351		SAME125122
HG00356		SAME125123
HG00306		SAME124159
HG00313		SAME124337
HG00318		SAME124333
HG00320		SAME123797
HG00325		SAME123793
HG00332		SAME123987
HG00337		SAME123984
HG00368		SAME124535
HG00375		SAME124750
HG00274		SAME123422
HG00281		SAME122832
HG00705		SAME122927
HG00717		SAME124926
HG00729		SAME1840273
HG00731		SAME125390
HG00558		SAME124247
HG00560		SAME124456
HG00565		SAME124452
HG00577		SAME123516
HG00584		SAME124663
HG00589		SAME124824
HG00591		SAME125010
HG00596		SAME125007
HG00628		SAME123085
HG00630		SAME122901
HG00635		SAME122902
HG00642		SAME123436
HG00654		SAME123234
HG00673		SAME123605
HG00609		SAME125370
HG00611		SAME125198
HG00623		SAME1839285
HG00685		SAME123891
HG00692		SAME123684
HG00700		SAME122932
HG00736		SAME123058
HG00743		SAME1840184
HG00844		SAME123952
HG00851		SAME123756
HG00983		SAME123769
HG01049		SAME125248
HG01051		SAME123712
HG01056		SAME123658
HG01063		SAME1839767
HG01107		SAME123675
HG01114		SAME123483
HG01119		SAME1840402
HG01121		SAME1840127
HG01087		SAME125393
HG01094		SAME122925
HG01099		SAME123771
HG01102		SAME123678
HG01126		SAME124052
HG01133		SAME123884
HG01138		SAME123877
HG01140		SAME124422
HG01164		SAME1839690
HG01169		SAME124797
HG01171		SAME124622
HG01176		SAME124621
HG01068		SAME122826
HG01070		SAME123993
HG01075		SAME124071
HG01082		SAME125398
HG01253		SAME125284
HG01258		SAME125279
HG01260		SAME122815
HG01272		SAME122996
HG01183		SAME124792
HG01188		SAME124927
HG01190		SAME123654
HG01195		SAME1839101
HG01241		SAME125065
HG01493		SAME124138
HG01498		SAME124142
HG01501		SAME124942
HG01323		SAME1839534
HG01342		SAME124856
HG01347		SAME124861
HG01277		SAME123000
HG01284		SAME1839191
HG01311		SAME1839796
HG01354		SAME124680
HG01359		SAME124687
HG01361		SAME124504
HG01366		SAME125265
HG01378		SAME124076
HG01385		SAME122970
HG01474		SAME1840189
HG01479		SAME1840251
HG01481		SAME1839971
HG01486		SAME1840048
HG01392		SAME1840234
HG01397		SAME1839946
HG01405		SAME1839863
HG01412		SAME1839619
HG01455		SAME123429
HG01462		SAME123539
HG01431		SAME1839260
HG01443		SAME1839032
HG01594		SAME1839631
HG01599		SAME125238
HG01602		SAME123454
HG01607		SAME123457
HG01626		SAME123842
HG01633		SAME124033
HG01669		SAME123110
HG01671		SAME123291
HG01506		SAME124947
HG01513		SAME124768
HG01518		SAME124766
HG01520		SAME125323
HG01614		SAME123627
HG01619		SAME123632
HG01621		SAME123843
HG01703		SAME123260
HG01708		SAME123253
HG01710		SAME123084
HG01676		SAME123284
HG01683		SAME124653
HG01695		SAME124845
HG01525		SAME125328
HG01532		SAME125138
HG01537		SAME125134
HG01551		SAME124008
HG01556		SAME1840141
HG01746		SAME125180
HG01765		SAME1839681
HG01885		SAME122844
HG01892		SAME123026
HG01897		SAME1840343
HG01912		SAME1839779
HG01917		SAME123235
HG01924		SAME123785
HG01866		SAME123195
HG01873		SAME123400
HG01878		SAME123394
HG01880		SAME1839109
HG01948		SAME124144
HG01950		SAME123977
HG01955		SAME123979
HG01936		SAME123591
HG01943		SAME124151
HG01772		SAME124636
HG01777		SAME124631
HG01784		SAME124431
HG01809		SAME124299
HG01811		SAME125380
HG01816		SAME124521
HG01842		SAME123554
HG01789		SAME124433
HG01791		SAME124221
HG01796		SAME124220
HG01804		SAME124302
HG01847		SAME123557
HG01859		SAME123535
HG01861		SAME123200
HG02004		SAME123620
HG02009		SAME123622
HG02011		SAME123443
HG02016		SAME123446
HG02023		SAME125307
HG02028		SAME124020
HG02030		SAME1839966
HG02035		SAME1840035
HG02047		SAME1839772
HG01967		SAME124530
HG01974		SAME124323
HG01979		SAME124331
HG01981		SAME125247
HG01986		SAME1840091
HG01993		SAME124741
HG01998		SAME124739
HG02143		SAME1839628
HG02148		SAME1839697
HG02150		SAME1839407
HG02054		SAME1839538
HG02059		SAME1839596
HG02061		SAME1839676
HG02085		SAME124979
HG02105		SAME123873
HG02129		SAME1839724
HG02131		SAME1839896
HG02136		SAME1839865
HG02073		SAME123104
HG02078		SAME123099
HG02080		SAME124825
HG02299		SAME1839994
HG02302		SAME124279
HG02307		SAME1839535
HG02314		SAME1839674
HG02275		SAME1840376
HG02282		SAME1840177
HG02287		SAME123755
HG02186		SAME125039
HG02218		SAME1839820
HG02220		SAME123715
HG02383		SAME1840019
HG02388		SAME1839997
HG02390		SAME1839788
HG02395		SAME1839754
HG02225		SAME1839576
HG02232		SAME1839374
HG02237		SAME123519
HG02321		SAME1839446
HG02345		SAME1839081
HG02364		SAME1840125
HG02371		SAME1840180
HG02256		SAME1839332
HG02155		SAME124795
HG02179		SAME124415
HG02181		SAME123206
HG02629		SAME1840230
HG02636		SAME1840017
HG02643		SAME1839785
HG02648		SAME1839751
HG02650		SAME1839550
HG02605		SAME1840277
HG02612		SAME1840394
HG02624		SAME1840259
HG02491		SAME1839617
HG02496		SAME1839688
HG02511		SAME1839150
HG02585		SAME1839418
HG02597		SAME1839199
HG02600		SAME1840302
HG02559		SAME1840052
HG02561		SAME1839838
HG02573		SAME1839567
HG02580		SAME1839366
HG02465		SAME1839973
HG02477		SAME1839710
HG02484		SAME1839858
HG02489		SAME1839546
HG02523		SAME1840322
HG02547		SAME1839930
HG02554		SAME1840075
HG02427		SAME1839036
HG02439		SAME1840297
HG02408		SAME1839461
HG02410		SAME1839207
HG02415		SAME1839263
HG02814		SAME1839837
HG02819		SAME1839804
HG02821		SAME1839588
HG02838		SAME1839417
HG02840		SAME1839475
HG02852		SAME1839346
HG02655		SAME1839526
HG02662		SAME1839662
HG02667		SAME1839384
HG02679		SAME1839471
HG02681		SAME1839304
HG02686		SAME1839277
HG02794		SAME1840410
HG02799		SAME1840384
HG02807		SAME1840073
HG02756		SAME1839454
HG02763		SAME1839254
HG02768		SAME1839235
HG02770		SAME1839049
HG02725		SAME1839737
HG02737		SAME1839857
HG02775		SAME1839022
HG02787		SAME1840288
HG02698		SAME1839137
HG02701		SAME1840152
HG02869		SAME1839184
HG02871		SAME1840312
HG02883		SAME1840164
HG02984		SAME1840004
HG03007		SAME1840245
HG03019		SAME1840060
HG03021		SAME1839789
HG02888		SAME1840139
HG02890		SAME1839947
HG02895		SAME1839918
HG02922		SAME1839441
HG02939		SAME1839275
HG02941		SAME1839096
HG02946		SAME1839068
HG02953		SAME1840271
HG02965		SAME1840116
HG03026		SAME1839714
HG03033		SAME1839566
HG03040		SAME1839611
HG03045		SAME1839635
HG03052		SAME1839496
HG03057		SAME1839434
HG03064		SAME1839228
HG03069		SAME1839340
HG03103		SAME1840022
HG03108		SAME1839760
HG03110		SAME1839880
HG03115		SAME1839812
HG03122		SAME1839657
HG03127		SAME1839686
HG02972		SAME1840250
HG02977		SAME1840221
HG03076		SAME1839038
HG03088		SAME1840338
HG03095		SAME1840374
HG03230		SAME1839335
HG03235		SAME1839360
HG03242		SAME1839058
HG03247		SAME1839174
HG03196		SAME1839921
HG03209		SAME1839551
HG03228		SAME1839232
HG03305		SAME1839497
HG03312		SAME1839209
HG03343		SAME1840354
HG03350		SAME1840225
HG03134		SAME1839380
HG03139		SAME1839468
HG03158		SAME1839086
HG03160		SAME1839192
HG03172		SAME1840392
HG03189		SAME1840226
HG03191		SAME1839988
HG03362		SAME1839949
HG03367		SAME1840068
HG03374		SAME1839730
HG03280		SAME1840083
HG03297		SAME1839900
HG03300		SAME1839467
HG03259		SAME1840303
HG03266		SAME1840174
HG03381		SAME1839574
HG03393		SAME1839645
HG03398		SAME1839402
HG03519		SAME1840176
HG03521		SAME1840190
HG03538		SAME1840007
HG03540		SAME1839745
HG03557		SAME1839556
HG03583		SAME1839283
HG03590		SAME1839163
HG03595		SAME1839185
HG03603		SAME1840229
HG03634		SAME1839575
HG03639		SAME1839603
HG03641		SAME1839626
HG03646		SAME1839643
HG03487		SAME1839480
HG03499		SAME1839219
HG03514		SAME1840150
HG03564		SAME1839427
HG03569		SAME1839371
HG03571		SAME1839458
HG03576		SAME1839238
HG03449		SAME1839923
HG03451		SAME1840043
HG03456		SAME1839778
HG03401		SAME1839299
HG03432		SAME1840107
HG03437		SAME1840123
HG03468		SAME1839848
HG03470		SAME1839670
HG03615		SAME1839951
HG03684		SAME1840329
HG03689		SAME1840268
HG03691		SAME1840366
HG03696		SAME1840135
HG03704		SAME1840040
HG03709		SAME1839780
HG03711		SAME1839894
HG03653		SAME1839508
HG03660		SAME1839218
HG03672		SAME1839020
HG03812		SAME1839405
HG03817		SAME1839426
HG03824		SAME1839459
HG03829		SAME1839241
HG03761		SAME1839114
HG03766		SAME1839136
HG03773		SAME1840406
HG03797		SAME1839931
HG03800		SAME1839595
HG03805		SAME1839540
HG03778		SAME1840344
HG03780		SAME1840112
HG03785		SAME1840212
HG03792		SAME1839912
HG03742		SAME1839255
HG03754		SAME1839073
HG03716		SAME1839825
HG03723		SAME1839668
HG03730		SAME1839369
HG03898		SAME1839806
HG03901		SAME1839478
HG03906		SAME1839512
HG03913		SAME1839216
HG03937		SAME1840330
HG03944		SAME1840368
HG03949		SAME1840132
HG03951		SAME1840239
HG04024		SAME1839708
HG04029		SAME1839630
HG04036		SAME1839492
HG03831		SAME1839348
HG03836		SAME1839280
HG03848		SAME1839187
HG03874		SAME1839961
HG03879		SAME1839975
HG03886		SAME1840021
HG03920		SAME1839093
HG03925		SAME1839025
HG03850		SAME1840270
HG03862		SAME1840158
HG03867		SAME1840095
HG03963		SAME1840055
HG03968		SAME1840077
HG03982		SAME1839585
HG03999		SAME1839416
HG04017		SAME1839851
NA06994	GM06994	SAME124931
NA07000	GM07000	SAME124963
NA07029	GM07029	SAME125338
NA07031	GM07031	SAME122860
NA07048	GM07048	SAME124188
NA07055	GM07055	SAME124767
NA07346	GM07346	SAME123571
NA07435	GM07435	SAME124342
HG04050		SAME1839079
HG04055		SAME1839098
HG04062		SAME1839147
HG04067		SAME1840315
HG04132		SAME1839287
HG04144		SAME1839189
HG04149		SAME1839120
HG04151		SAME1840295
HG04199		SAME1839840
HG04202		SAME1839519
HG04214		SAME1839328
HG04182		SAME1840036
HG04187		SAME1839763
HG04194		SAME1839818
HG04156		SAME1840389
HG04175		SAME1839980
HG04093		SAME1839936
HG04098		SAME1840059
HG04106		SAME1839559
HG04118		SAME1839379
HG04219		SAME1839359
HG04238		SAME1840274
HG04303		SAME1839077
NA12155	GM12155	SAME124955
NA12249	GM12249	SAME125371
NA12275	GM12275	SAME125263
NA12282	GM12282	SAME124640
NA12287	GM12287	SAME124641
NA12751	GM12751	SAME123515
NA12763	GM12763	SAME123872
NA12775	GM12775	SAME124257
NA12802	GM12802	SAME122828
NA11892	GM11892	SAME123045
NA11917	GM11917	SAME122838
NA11931	GM11931	SAME125096
HG00124		SAME122870
HG00129		SAME122867
HG00131		SAME123064
HG00136		SAME123065
HG00155		SAME124588
HG00174		SAME124958
HG00179		SAME124965
HG00097		SAME123267
HG00100		SAME125154
HG00105		SAME123949
HG00143		SAME124393
HG00148		SAME124388
HG00150		SAME124591
HG00112		SAME125341
HG00117		SAME125346
HG00383		SAME123032
HG00403		SAME123160
HG00408		SAME123155
HG00410		SAME1839734
HG00256		SAME123048
HG00263		SAME123581
HG00268		SAME123574
HG00237		SAME124124
HG00244		SAME123217
HG00249		SAME123227
HG00251		SAME123053
HG00364		SAME124543
HG00369		SAME124534
HG00371		SAME124747
HG00376		SAME124751
HG00181		SAME123644
HG00186		SAME123647
HG00232		SAME124128
HG00270		SAME123418
HG00275		SAME123421
HG00282		SAME122833
HG00302		SAME1840121
HG00319		SAME124334
HG00321		SAME123796
HG00345		SAME124919
HG00357		SAME125124
HG00326		SAME123792
HG00338		SAME123990
HG00559		SAME124248
HG00561		SAME124455
HG00566		SAME125048
HG00578		SAME123528
HG00580		SAME124832
HG00446		SAME123880
HG00453		SAME123113
HG00458		SAME125278
HG00465		SAME123498
HG00472		SAME123339
HG00535		SAME124348
HG00542		SAME124352
HG00554		SAME123969
HG00585		SAME124722
HG00592		SAME125011
HG00597		SAME125008
HG00600		SAME1839392
HG00629		SAME123086
HG00631		SAME1839060
HG00636		SAME123711
HG00650		SAME123254
HG00655		SAME123257
HG00662		SAME123812
HG00477		SAME123340
HG00530		SAME124356
HG00422		SAME122809
HG00427		SAME122806
HG00612		SAME125197
HG00624		SAME1839274
HG00706		SAME122930
HG00718		SAME123114
HG00732		SAME125396
HG01103		SAME123679
HG01108		SAME123103
HG01110		SAME123487
HG01122		SAME1840203
HG00674		SAME1840080
HG00693		SAME123683
HG00698		SAME123693
HG00701		SAME122931
HG01069		SAME122825
HG01071		SAME123009
HG01083		SAME125397
HG01134		SAME123887
HG01139		SAME123876
HG01141		SAME124423
HG01088		SAME1839361
HG01090		SAME1839510
HG01095		SAME122926
HG01052		SAME123368
HG01064		SAME1839759
HG00737		SAME125416
HG00864		SAME123547
HG01254		SAME125285
HG01259		SAME125280
HG01261		SAME122814
HG01273		SAME124046
HG01177		SAME124620
HG01184		SAME124321
HG01189		SAME124878
HG01191		SAME123651
HG01348		SAME124864
HG01350		SAME124684
HG01355		SAME124679
HG01362		SAME1839066
HG01278		SAME123003
HG01280		SAME1839113
HG01305		SAME1840020
HG01312		SAME1839791
HG01324		SAME1839523
HG01343		SAME124857
HG01367		SAME125266
HG01374		SAME124291
HG01379		SAME124283
HG01204		SAME124297
HG01242		SAME125064
HG01247		SAME125067
HG01393		SAME1840222
HG01398		SAME1839950
HG01413		SAME1839612
HG01172		SAME124625
HG01552		SAME124007
HG01571		SAME124346
HG01583		SAME1839895
HG01590		SAME1839651
HG01595		SAME123569
HG01603		SAME123453
HG01608		SAME123462
HG01494		SAME124135
HG01499		SAME124143
HG01502		SAME124943
HG01456		SAME123427
HG01463		SAME123537
HG01468		SAME1840382
HG01521		SAME125324
HG01526		SAME125325
HG01538		SAME125141
HG01507		SAME124948
HG01514		SAME124775
HG01519		SAME124765
HG01432		SAME1839256
HG01437		SAME124966
HG01444		SAME1839026
HG01610		SAME123623
HG01615		SAME123628
HG01622		SAME123846
HG01482		SAME1839969
HG01487		SAME1840042
HG01867		SAME123194
HG01874		SAME123396
HG01879		SAME1839037
HG01881		SAME1839193
HG01696		SAME124715
HG01704		SAME123265
HG01709		SAME123229
HG01711		SAME123083
HG01773		SAME124635
HG01778		SAME124630
HG01780		SAME124428
HG01785		SAME1839313
HG01747		SAME125181
HG01761		SAME124810
HG01766		SAME1839673
HG01677		SAME123285
HG01684		SAME124660
HG01627		SAME123841
HG01672		SAME123288
HG01812		SAME124517
HG01817		SAME124522
HG01843		SAME123553
HG01848		SAME123548
HG01850		SAME123752
HG01855		SAME123749
HG01862		SAME123199
HG01797		SAME124219
HG01800		SAME124306
HG01805		SAME124301
HG02024		SAME125182
HG02029		SAME124021
HG02031		SAME1839964
HG02048		SAME123772
HG01898		SAME124383
HG01918		SAME123240
HG01920		SAME123789
HG01925		SAME123786
HG01949		SAME124145
HG01951		SAME123976
HG01956		SAME123978
HG02050		SAME1839555
HG02055		SAME1839531
HG02067		SAME1839388
HG01968		SAME124532
HG01970		SAME124327
HG01975		SAME124322
HG01932		SAME123587
HG01937		SAME123590
HG01944		SAME124152
HG01886		SAME122847
HG01893		SAME123027
HG02012		SAME1840403
HG02017		SAME123445
HG01982		SAME1840111
HG01987		SAME1840089
HG02086		SAME124675
HG02106		SAME123875
HG02113		SAME124044
HG02137		SAME1839862
HG02144		SAME1839624
HG02151		SAME1839403
HG02233		SAME1839370
HG02238		SAME1839423
HG02240		SAME1839481
HG02252		SAME1839354
HG02187		SAME125038
HG02219		SAME1839813
HG02221		SAME123716
HG02257		SAME1839326
HG02271		SAME1840319
HG02074		SAME123107
HG02079		SAME123098
HG02081		SAME124826
HG02276		SAME1840373
HG02283		SAME1840173
HG02288		SAME1840148
HG02156		SAME124793
HG02168		SAME1839240
HG02170		SAME1839052
HG02182		SAME125035
HG02120		SAME123480
HG02132		SAME1839889
HG02492		SAME1839610
HG02497		SAME1839682
HG02505		SAME1839351
HG02512		SAME1839146
HG02303		SAME124278
HG02308		SAME1839529
HG02315		SAME1839666
HG02466		SAME1839970
HG02478		SAME1839801
HG02480		SAME1839876
HG02485		SAME1839564
HG02353		SAME1840276
HG02358		SAME1840334
HG02360		SAME1840391
HG02372		SAME1840258
HG02377		SAME1840228
HG02428		SAME1839027
HG02442		SAME1840352
HG02461		SAME1839993
HG02524		SAME1840317
HG02536		SAME1840172
HG02555		SAME1840070
HG02384		SAME1840011
HG02389		SAME1840085
HG02391		SAME1839784
HG02322		SAME1839444
HG02334		SAME1839307
HG02339		SAME1839288
HG02396		SAME125357
HG02409		SAME1839457
HG02721		SAME1839749
HG02726		SAME1839732
HG02733		SAME1839874
HG02738		SAME1839560
HG02675		SAME1839495
HG02682		SAME1839300
HG02687		SAME1839270
HG02651		SAME1839544
HG02656		SAME1839607
HG02668		SAME1839377
HG02694		SAME1839065
HG02699		SAME1839129
HG02702		SAME1840149
HG02757		SAME1839451
HG02764		SAME1839250
HG02769		SAME1839231
HG02771		SAME1839045
HG02586		SAME1839414
HG02601		SAME1840293
HG02625		SAME1840257
HG02644		SAME1839782
HG02649		SAME1839852
HG02562		SAME1839832
HG02567		SAME1839905
HG02574		SAME1839652
HG02613		SAME1840390
HG02620		SAME1840191
HG02884		SAME1840161
HG02889		SAME1840133
HG02891		SAME1839938
HG02896		SAME1839916
HG02923		SAME1839436
HG03027		SAME1839725
HG03034		SAME1839568
HG03039		SAME1839593
HG03041		SAME1839620
HG03046		SAME1839639
HG02776		SAME1839017
HG02783		SAME1839162
HG02788		SAME1840285
HG02790		SAME1840345
HG03008		SAME1840253
HG03015		SAME1839940
HG03022		SAME1839795
HG02942		SAME1839090
HG02947		SAME1839061
HG02954		SAME1840264
HG02966		SAME1840114
HG02815		SAME1839829
HG02839		SAME1839413
HG02841		SAME1839470
HG02973		SAME1840246
HG02978		SAME1840216
HG02980		SAME1840034
HG02808		SAME1840069
HG02810		SAME1839854
HG02853		SAME1839342
HG02860		SAME1839132
HG03229		SAME1839234
HG03236		SAME1839276
HG03248		SAME1839180
HG03250		SAME1840262
HG03096		SAME1840126
HG03104		SAME1840037
HG03109		SAME1839765
HG03111		SAME1839884
HG03197		SAME1839926
HG03200		SAME1839589
HG03212		SAME1839399
HG03224		SAME1839455
HG03053		SAME1839502
HG03058		SAME1839442
HG03060		SAME1839211
HG03065		SAME1839318
HG03130		SAME1839365
HG03135		SAME1839385
HG03159		SAME1839092
HG03161		SAME1839104
HG03116		SAME1839816
HG03123		SAME1839663
HG03128		SAME1839692
HG03166		SAME1839127
HG03173		SAME1840397
HG03267		SAME1840088
HG03072		SAME1839016
HG03077		SAME1839044
HG03084		SAME1840324
HG03091		SAME1840360
HG03488		SAME1839486
HG03490		SAME1839259
HG03508		SAME1840286
HG03510		SAME1840377
HG03515		SAME1840154
HG03402		SAME1839301
HG03419		SAME1839130
HG03433		SAME1840110
HG03438		SAME1840208
HG03445		SAME1839996
HG03522		SAME1840193
HG03539		SAME1840014
HG03558		SAME1839561
HG03279		SAME1839972
HG03293		SAME1839871
HG03298		SAME1839903
HG03301		SAME1839472
HG03351		SAME1840231
HG03363		SAME1839957
HG03368		SAME1840074
HG03370		SAME1839800
HG03469		SAME1839850
HG03471		SAME1839677
HG03476		SAME1839702
HG03452		SAME1840046
HG03457		SAME1839781
HG03464		SAME1839827
HG03306		SAME1839504
HG03313		SAME1839213
HG03344		SAME1840364
HG03382		SAME1839580
HG03394		SAME1839648
HG03399		SAME1839410
HG03584		SAME1839290
HG03589		SAME1839311
HG03596		SAME1839188
HG03604		SAME1840236
HG03654		SAME1839513
HG03673		SAME1839030
HG03680		SAME1840311
HG03635		SAME1839578
HG03642		SAME1839627
HG03565		SAME1839430
HG03572		SAME1839463
HG03577		SAME1839242
HG03700		SAME1840010
HG03705		SAME1840051
HG03611		SAME1839929
HG03616		SAME1839955
HG03736		SAME1839389
HG03743		SAME1839261
HG03750		SAME1839309
HG03755		SAME1839074
HG03685		SAME1840333
HG03692		SAME1840371
HG03697		SAME1840137
HG03717		SAME1839831
HG03729		SAME1839701
HG03731		SAME1839372
HG03875		SAME1839965
HG03882		SAME1839999
HG03887		SAME1840028
HG03894		SAME1839885
HG03832		SAME1839353
HG03837		SAME1839291
HG03844		SAME1839166
HG03849		SAME1839190
HG03779		SAME1840351
HG03781		SAME1840117
HG03786		SAME1840218
HG03793		SAME1839915
HG03899		SAME1839814
HG03902		SAME1839484
HG03907		SAME1839517
HG03762		SAME1839119
HG03767		SAME1839141
HG03774		SAME1840408
HG03914		SAME1839224
HG03919		SAME1839329
HG03926		SAME1839033
HG03851		SAME1840272
HG03856		SAME1840291
HG03863		SAME1840162
HG03868		SAME1840097
HG03870		SAME1840196
HG03798		SAME1839941
HG03801		SAME1839606
HG03806		SAME1839542
HG03813		SAME1839406
HG03825		SAME1839462
HG04094		SAME1839953
HG04099		SAME1840065
HG04107		SAME1839660
HG04114		SAME1839363
HG04056		SAME1839102
HG04063		SAME1839155
HG04070		SAME1840411
HG04075		SAME1840359
HG04152		SAME1840300
HG04157		SAME1840395
HG04164		SAME1840102
HG04171		SAME1839968
HG03988		SAME1839528
HG03990		SAME1839637
HG03995		SAME1839395
HG04001		SAME1839752
HG04006		SAME1839787
HG04018		SAME1839565
HG04176		SAME1839986
HG04183		SAME1840044
HG04188		SAME1839771
HG03940		SAME1840346
HG03945		SAME1840369
HG04133		SAME1839294
HG04140		SAME1839173
HG04020		SAME1839685
HG04025		SAME1839614
HG04037		SAME1839500
HG03969		SAME1840082
HG03971		SAME1839718
HG03976		SAME1839739
NA10857	GM10857	SAME125332
NA10864	GM10864	SAME125129
NA11829	GM11829	SAME124761
NA11831	GM11831	SAME124552
NA11843	GM11843	SAME125140
NA11881	GM11881	SAME123209
NA11893	GM11893	SAME123044
NA11918	GM11918	SAME123135
NA11920	GM11920	SAME124901
NA11932	GM11932	SAME125097
NA11994	GM11994	SAME123967
NA12156	GM12156	SAME124952
NA12264	GM12264	SAME123087
NA12283	GM12283	SAME124639
NA07051	GM07051	SAME124378
NA07056	GM07056	SAME124375
NA07347	GM07347	SAME123572
NA12005	GM12005	SAME125143
NA12043	GM12043	SAME123214
NA12144	GM12144	SAME124156
HG04195		SAME1839823
HG04208		SAME1839453
HG04210		SAME1839225
HG04215		SAME1839333
NA10838	GM10838	SAME124550
NA10840	GM10840	SAME124756
NA10845	GM10845	SAME124759
NA10852	GM10852	SAME125320
HG00144		SAME124392
HG00149		SAME124387
HG00151		SAME124592
HG00238		SAME124131
HG00240		SAME123221
HG00245		SAME123218
HG00252		SAME123052
HG00182		SAME123643
HG00187		SAME123646
HG00233		SAME124127
HG00098		SAME123272
HG00101		SAME125153
HG00106		SAME123948
HG00125		SAME122869
HG00132		SAME123061
HG00137		SAME123066
HG00113		SAME125342
HG00118		SAME125347
HG00120		SAME122874
HG00156		SAME123276
HG00384		SAME123034
HG00404		SAME123158
HG00409		SAME1840026
HG00411		SAME1839726
HG00423		SAME122810
HG00428		SAME122811
HG00442		SAME124912
HG00447		SAME124953
HG00459		SAME125269
HG00473		SAME123338
HG00341		SAME124922
HG00346		SAME125264
HG00353		SAME125120
HG00358		SAME125126
HG00360		SAME124539
HG00271		SAME123417
HG00276		SAME123424
HG00288		SAME1839246
HG00290		SAME1839057
HG00303		SAME1840115
HG00308		SAME124161
HG00310		SAME124338
HG00315		SAME124335
HG00257		SAME123047
HG00264		SAME123578
HG00269		SAME123575
HG00365		SAME124542
HG00372		SAME124748
HG00377		SAME124752
HG00327		SAME123791
HG00334		SAME123981
HG00339		SAME123991
HG00478		SAME123335
HG00480		SAME124617
HG00500		SAME123363
HG00512		SAME123525
HG00524		SAME123724
HG00531		SAME125381
HG00536		SAME124344
HG00543		SAME122857
HG00555		SAME122856
HG00651		SAME123966
HG00656		SAME123233
HG00663		SAME123813
HG00675		SAME1840076
HG00694		SAME123154
HG00699		SAME123165
HG00567		SAME124453
HG00579		SAME123530
HG00581		SAME124831
HG00613		SAME125196
HG00620		SAME123081
HG00625		SAME123080
HG00593		SAME125012
HG00598		SAME1839713
HG00632		SAME1839151
HG00637		SAME123710
HG00702		SAME122934
HG00707		SAME122929
HG00733		SAME125399
HG00738		SAME125368
HG00740		SAME124834
HG01104		SAME123672
HG01109		SAME123669
HG01111		SAME123486
HG01123		SAME1840204
HG01072		SAME124091
HG01077		SAME1839581
HG01084		SAME125392
HG01053		SAME124866
HG01058		SAME1840086
HG01060		SAME123015
HG01178		SAME124616
HG01192		SAME124298
HG01197		SAME124237
HG01130		SAME1839995
HG01135		SAME123886
HG01142		SAME1839731
HG01089		SAME1839432
HG01096		SAME123776
HG01161		SAME1839615
HG01173		SAME124624
HG00978		SAME124727
HG01046		SAME123167
HG01414		SAME1839703
HG01433		SAME1839252
HG01438		SAME124971
HG01440		SAME123237
HG01445		SAME1839015
HG01200		SAME1840109
HG01205		SAME124296
HG01243		SAME125063
HG01248		SAME125058
HG01250		SAME125281
HG01274		SAME123001
HG01279		SAME123004
HG01281		SAME1839107
HG01286		SAME1839176
HG01301		SAME1840050
HG01349		SAME124865
HG01351		SAME124683
HG01356		SAME124682
HG01363		SAME1839059
HG01452		SAME1839158
HG01457		SAME123428
HG01464		SAME122883
HG01471		SAME1840197
HG01325		SAME1839604
HG01344		SAME124862
HG01394		SAME1840219
HG01402		SAME1839873
HG01375		SAME124290
HG01255		SAME125286
HG01565		SAME124566
HG01572		SAME124705
HG01577		SAME124349
HG01589		SAME1839859
HG01609		SAME123461
HG01611		SAME123624
HG01616		SAME123629
HG01623		SAME123845
HG01483		SAME1839962
HG01488		SAME123973
HG01490		SAME124139
HG01508		SAME124939
HG01510		SAME124771
HG01515		SAME124774
HG01596		SAME125227
HG01604		SAME123460
HG01495		SAME124136
HG01503		SAME124944
HG01678		SAME123292
HG01680		SAME124656
HG01685		SAME124659
HG01628		SAME123837
HG01630		SAME124034
HG01673		SAME123289
HG01522		SAME125321
HG01527		SAME125326
HG01914		SAME1839768
HG01919		SAME123239
HG01921		SAME123790
HG01926		SAME123783
HG01774		SAME124634
HG01779		SAME124629
HG01781		SAME124921
HG01786		SAME1839312
HG01748		SAME125191
HG01755		SAME124986
HG01762		SAME124811
HG01767		SAME1839671
HG01882		SAME122849
HG01887		SAME122846
HG01894		SAME1840357
HG01697		SAME1839223
HG01700		SAME123261
HG01705		SAME123266
HG01813		SAME124518
HG01844		SAME123556
HG01863		SAME123198
HG01868		SAME123193
HG01870		SAME123397
HG01798		SAME124228
HG01801		SAME124305
HG01806		SAME124304
HG01849		SAME125110
HG01851		SAME123753
HG02006		SAME1840279
HG02013		SAME1840396
HG02018		SAME123451
HG02020		SAME125168
HG02049		SAME123773
HG02051		SAME1839549
HG02056		SAME124162
HG02068		SAME123374
HG01933		SAME123586
HG01938		SAME123593
HG01940		SAME124148
HG01945		SAME124153
HG01983		SAME1840106
HG01988		SAME1840175
HG01990		SAME1840235
HG01995		SAME1839958
HG01969		SAME124533
HG01971		SAME124326
HG01976		SAME124325
HG02025		SAME125335
HG02032		SAME1839959
HG02070		SAME124908
HG02075		SAME123106
HG02082		SAME124950
HG02087		SAME124678
HG02102		SAME1840155
HG02107		SAME1840206
HG01952		SAME123975
HG02258		SAME1839322
HG02260		SAME1839139
HG02265		SAME1839117
HG02272		SAME1840314
HG02138		SAME123659
HG02140		SAME124612
HG02145		SAME1839616
HG02152		SAME124790
HG02188		SAME122829
HG02190		SAME125259
HG02215		SAME123904
HG02222		SAME123717
HG02277		SAME1840370
HG02284		SAME1840168
HG02291		SAME1839948
HG02234		SAME1839367
HG02239		SAME1839420
HG02253		SAME1839347
HG02304		SAME1839548
HG02309		SAME1839525
HG02316		SAME1839661
HG02121		SAME123479
HG02126		SAME123477
HG02133		SAME1839882
HG02323		SAME1839440
HG02330		SAME1839237
HG02347		SAME1839072
HG02164		SAME124209
HG02169		SAME1839233
HG02176		SAME1839024
HG02429		SAME1839021
HG02436		SAME1839164
HG02450		SAME1840144
HG02455		SAME1840198
HG02462		SAME1839991
HG02587		SAME1839409
HG02594		SAME1839208
HG02599		SAME1839266
HG02602		SAME1840290
HG02563		SAME1839824
HG02568		SAME1839899
HG02570		SAME1839582
HG02575		SAME1839650
HG02582		SAME1839431
HG02493		SAME1839704
HG02501		SAME1839281
HG02513		SAME1839138
HG02525		SAME1840313
HG02537		SAME1840165
HG02549		SAME1839917
HG02479		SAME1839798
HG02481		SAME1839870
HG02486		SAME1839558
HG02373		SAME124104
HG02380		SAME1840045
HG02385		SAME1840006
HG02392		SAME1839776
HG02397		SAME123308
HG02405		SAME1839398
HG02676		SAME1839491
HG02683		SAME1839298
HG02688		SAME1839358
HG02690		SAME1839088
HG02722		SAME1839747
HG02727		SAME1839727
HG02734		SAME1839869
HG02784		SAME1839157
HG02789		SAME1840280
HG02791		SAME1840342
HG02804		SAME1840084
HG02809		SAME1840067
HG02811		SAME1839849
HG02758		SAME1839448
HG02760		SAME1839267
HG02772		SAME1839039
HG02652		SAME1839541
HG02657		SAME1839600
HG02703		SAME1840142
HG02715		SAME1839987
HG02614		SAME1840385
HG02621		SAME1840187
HG02645		SAME1839774
HG02885		SAME1840157
HG02892		SAME1839935
HG02897		SAME1839910
HG02924		SAME1839516
HG02854		SAME1839336
HG02861		SAME1839125
HG02878		SAME1840363
HG02880		SAME1840090
HG03073		SAME1839019
HG03078		SAME1839047
HG03080		SAME1840307
HG03085		SAME1840328
HG03054		SAME1839507
HG03059		SAME1839443
HG03061		SAME1839215
HG03066		SAME1839324
HG03009		SAME1840256
HG03016		SAME1839952
HG03023		SAME1839797
HG03028		SAME1839729
HG03035		SAME1839573
HG03047		SAME1839644
HG02974		SAME1840241
HG02979		SAME1840209
HG02981		SAME1840024
HG02943		SAME1839085
HG02948		SAME1839153
HG02816		SAME1839822
HG03097		SAME1840130
HG03100		SAME1840003
HG03105		SAME1840041
HG03112		SAME1839893
HG03251		SAME1840266
HG03268		SAME1840093
HG03270		SAME1840194
HG03237		SAME1839282
HG03249		SAME1839183
HG03193		SAME1839909
HG03198		SAME1839933
HG03225		SAME1839460
HG03131		SAME1839368
HG03136		SAME1839387
HG03162		SAME1839112
HG03294		SAME1839877
HG03299		SAME1839805
HG03302		SAME1839479
HG03117		SAME1839821
HG03124		SAME1839669
HG03129		SAME1839699
HG03307		SAME1839509
HG03314		SAME1839217
HG03167		SAME1839135
HG03489		SAME1839494
HG03491		SAME1839264
HG03511		SAME1840131
HG03516		SAME1840160
HG03352		SAME1840243
HG03369		SAME1840078
HG03371		SAME1839712
HG03376		SAME1839736
HG03465		SAME1839836
HG03472		SAME1839678
HG03477		SAME1839706
HG03484		SAME1839393
HG03453		SAME1839750
HG03458		SAME1839786
HG03460		SAME1839908
HG03408		SAME1839071
HG03410		SAME1839182
HG03439		SAME1840213
HG03446		SAME1839911
HG03383		SAME1839583
HG03388		SAME1839524
HG03390		SAME1839632
HG03566		SAME1839433
HG03578		SAME1839245
HG03585		SAME1839293
HG03600		SAME1840215
HG03547		SAME1839878
HG03559		SAME1839654
HG03698		SAME1840145
HG03701		SAME1840016
HG03706		SAME1839758
HG03713		SAME1839807
HG03605		SAME1840240
HG03617		SAME1840056
HG03624		SAME1839709
HG03629		SAME1839738
HG03631		SAME1839855
HG03667		SAME1839331
HG03679		SAME1839055
HG03681		SAME1840321
HG03636		SAME1839586
HG03643		SAME1839633
HG03650		SAME1839488
HG03718		SAME1839834
HG03720		SAME1839562
HG03725		SAME1839680
HG03732		SAME1839378
HG03763		SAME1839122
HG03770		SAME1840388
HG03775		SAME1840413
HG03782		SAME1840119
HG03787		SAME1840224
HG03744		SAME1839265
HG03756		SAME1839080
HG03686		SAME1840335
HG03693		SAME1840372
HG03939		SAME1840336
HG03941		SAME1840353
HG03953		SAME1840252
HG03960		SAME1839945
HG03833		SAME1839356
HG03838		SAME1839297
HG03840		SAME1839054
HG03845		SAME1839170
HG03876		SAME1839967
HG03888		SAME1840039
HG03890		SAME1839864
HG03895		SAME1839888
HG03794		SAME1839920
HG03799		SAME1839944
HG03802		SAME1839608
HG03807		SAME1839547
HG03915		SAME1839227
HG03922		SAME1839103
HG03927		SAME1839035
HG03934		SAME1840318
HG03903		SAME1839493
HG03908		SAME1839522
HG03910		SAME1839205
HG03814		SAME1839411
HG03821		SAME1839449
HG03826		SAME1839465
HG03857		SAME1840294
HG03864		SAME1840170
HG03869		SAME1840104
HG03871		SAME1840200
HG03965		SAME1840063
HG03972		SAME1839721
HG03977		SAME1839746
HG04228		SAME1839161
HG04235		SAME1840263
NA06984	GM06984	SAME124763
HG04019		SAME1839572
HG04026		SAME1839622
HG04033		SAME1839466
HG04038		SAME1839499
HG04040		SAME1839197
HG04090		SAME1839927
HG04115		SAME1839362
HG04122		SAME1839230
HG04127		SAME1839249
HG04204		SAME1839437
HG04209		SAME1839452
HG04211		SAME1839321
HG04216		SAME1839339
HG04177		SAME1839992
HG04184		SAME1840049
HG04189		SAME1839783
HG04191		SAME1839897
HG04153		SAME1840299
HG04158		SAME1840400
HG04160		SAME1840179
HG04134		SAME1839303
HG04141		SAME1839178
HG04146		SAME1839108
HG03989		SAME1839532
HG03991		SAME1839640
HG04002		SAME1839769
HG04014		SAME1839844
HG04076		SAME1840358
NA06989	GM06989	SAME124760
NA06991	GM06991	SAME124936
NA07014	GM07014	SAME125162
NA07019	GM07019	SAME125152
NA07045	GM07045	SAME124187
NA11995	GM11995	SAME123968
NA12006	GM12006	SAME125145
NA12044	GM12044	SAME123212
NA12056	GM12056	SAME123414
NA12145	GM12145	SAME124157
NA10860	GM10860	SAME125131
NA10865	GM10865	SAME125128
NA11832	GM11832	SAME124554
NA11882	GM11882	SAME123210
NA12335	GM12335	SAME124097
NA12342	GM12342	SAME125155
NA12347	GM12347	SAME125316
NA12400	GM12400	SAME123881
NA12708	GM12708	SAME124078
NA12739	GM12739	SAME123529
NA12234	GM12234	SAME124003
NA12239	GM12239	SAME123999
NA12272	GM12272	SAME123231
NA11894	GM11894	SAME123043
NA11919	GM11919	SAME122834
NA11933	GM11933	SAME125098
NA10839	GM10839	SAME124551
NA10846	GM10846	SAME124758
NA10853	GM10853	SAME124932
NA07348	GM07348	SAME123567
NA12873	GM12873	SAME123388
NA18644	GM18644	SAME122976
NA18740	GM18740	SAME123917
NA18745	GM18745	SAME123914
NA18757	GM18757	SAME123727
NA18795	GM18795	SAME124990
NA18562	GM18562	SAME123927
NA18567	GM18567	SAME123924
NA18574	GM18574	SAME123737
NA18579	GM18579	SAME123742
NA18613	GM18613	SAME125037
NA18618	GM18618	SAME125042
NA18620	GM18620	SAME124510
NA18625	GM18625	SAME125253
NA18593	GM18593	SAME123720
NA18606	GM18606	SAME124879
NA18632	GM18632	SAME124703
NA18637	GM18637	SAME124700
NA18942	GM18942	SAME124308
NA18947	GM18947	SAME124313
NA19109	GM19109	SAME124544
NA19116	GM19116	SAME124911
NA19123	GM19123	SAME125013
NA19128	GM19128	SAME125022
NA19027	GM19027	SAME124850
NA19041	GM19041	SAME125241
NA19046	GM19046	SAME124292
NA19096	GM19096	SAME123662
NA19104	GM19104	SAME124804
NA18954	GM18954	SAME124108
NA18959	GM18959	SAME124115
NA18961	GM18961	SAME123957
NA18966	GM18966	SAME123962
NA19077	GM19077	SAME122818
NA19084	GM19084	SAME123364
NA19089	GM19089	SAME123649
NA19091	GM19091	SAME123174
NA19058	GM19058	SAME125024
NA19060	GM19060	SAME123007
NA19065	GM19065	SAME123011
NA19072	GM19072	SAME122822
NA18973	GM18973	SAME123761
NA18978	GM18978	SAME123760
NA18980	GM18980	SAME123527
NA18985	GM18985	SAME123413
NA18992	GM18992	SAME124983
NA18997	GM18997	SAME124898
NA19003	GM19003	SAME124480
NA19010	GM19010	SAME123989
NA19154	GM19154	SAME124835
NA19159	GM19159	SAME124716
NA19161	GM19161	SAME123757
NA19166	GM19166	SAME124211
NA19173	GM19173	SAME124421
NA19130	GM19130	SAME125229
NA19142	GM19142	SAME124610
NA19147	GM19147	SAME124613
NA19224	GM19224	SAME125217
NA19236	GM19236	SAME125001
NA19248	GM19248	SAME123681
NA19185	GM19185	SAME123858
NA19197	GM19197	SAME125309
NA19200	GM19200	SAME122989
NA19313	GM19313	SAME123316
NA19318	GM19318	SAME124753
NA19320	GM19320	SAME124570
NA19375	GM19375	SAME125116
NA19382	GM19382	SAME124274
NA19394	GM19394	SAME124489
NA19399	GM19399	SAME124498
NA19332	GM19332	SAME123723
NA19351	GM19351	SAME122854
NA19205	GM19205	SAME122986
NA19680	GM19680	SAME122937
NA19685	GM19685	SAME122942
NA19700	GM19700	SAME124233
NA19705	GM19705	SAME124235
NA19438	GM19438	SAME123848
NA19440	GM19440	SAME122951
NA19445	GM19445	SAME122948
NA19452	GM19452	SAME125414
NA19712	GM19712	SAME124447
NA19717	GM19717	SAME124451
NA19724	GM19724	SAME124690
NA19457	GM19457	SAME125409
NA19469	GM19469	SAME123300
NA19471	GM19471	SAME123117
NA19729	GM19729	SAME124701
NA19731	GM19731	SAME124870
NA19748	GM19748	SAME124729
NA19774	GM19774	SAME124064
NA19779	GM19779	SAME124061
NA19781	GM19781	SAME123146
NA19750	GM19750	SAME123698
NA19755	GM19755	SAME123695
NA19762	GM19762	SAME123897
NA19661	GM19661	SAME122959
NA19678	GM19678	SAME122797
NA19654	GM19654	SAME123128
NA19659	GM19659	SAME123131
NA20322	GM20322	SAME123998
NA20334	GM20334	SAME124196
NA20339	GM20339	SAME124201
NA20341	GM20341	SAME124399
NA20346	GM20346	SAME124402
NA20276	GM20276	SAME123614
NA20288	GM20288	SAME124578
NA20290	GM20290	SAME124374
NA20295	GM20295	SAME124377
NA19919	GM19919	SAME125276
NA19921	GM19921	SAME124712
NA19983	GM19983	SAME123902
NA19786	GM19786	SAME123149
NA19798	GM19798	SAME123332
NA19818	GM19818	SAME124677
NA19902	GM19902	SAME125051
NA19914	GM19914	SAME125273
NA20517	GM20517	SAME124557
NA20524	GM20524	SAME124016
NA20529	GM20529	SAME124011
NA20531	GM20531	SAME124170
NA20536	GM20536	SAME124167
NA20543	GM20543	SAME125149
NA20581	GM20581	SAME122859
NA20505	GM20505	SAME124359
NA20512	GM20512	SAME124560
NA20358	GM20358	SAME124600
NA20360	GM20360	SAME124786
NA20909	GM20909	SAME122923
NA20911	GM20911	SAME123101
NA21089	GM21089	SAME123142
NA21091	GM21091	SAME123321
NA20877	GM20877	SAME123598
NA20884	GM20884	SAME124514
NA20889	GM20889	SAME125305
NA20891	GM20891	SAME123670
NA20808	GM20808	SAME122813
NA20810	GM20810	SAME125192
NA20815	GM20815	SAME125187
NA20822	GM20822	SAME123073
NA20764	GM20764	SAME124368
NA20769	GM20769	SAME124371
NA20771	GM20771	SAME124577
NA20783	GM20783	SAME123607
NA20827	GM20827	SAME123071
NA20846	GM20846	SAME123431
NA20853	GM20853	SAME123243
NA20586	GM20586	SAME122864
NA20752	GM20752	SAME124177
NA20757	GM20757	SAME124176
NA20790	GM20790	SAME123815
NA20795	GM20795	SAME123818
NA20803	GM20803	SAME125367
NA20858	GM20858	SAME123207
NA20872	GM20872	SAME122842
NA20896	GM20896	SAME123665
NA20904	GM20904	SAME122916
NA21130	GM21130	SAME123834
NA21135	GM21135	SAME123829
NA21142	GM21142	SAME123344
NA21104	GM21104	SAME124436
NA21109	GM21109	SAME124443
NA21111	GM21111	SAME124179
NA21116	GM21116	SAME124186
NA21123	GM21123	SAME124031
NA21128	GM21128	SAME124022
NA12286	GM12286	SAME124642
NA12762	GM12762	SAME125109
NA12767	GM12767	SAME124472
NA12801	GM12801	SAME122827
NA12813	GM12813	SAME123024
NA12818	GM12818	SAME123025
NA12832	GM12832	SAME125290
NA12344	GM12344	SAME123946
NA12375	GM12375	SAME124589
NA12399	GM12399	SAME124193
NA18518	GM18518	SAME124889
NA18520	GM18520	SAME123565
NA18525	GM18525	SAME124672
NA18498	GM18498	SAME124058
NA18501	GM18501	SAME124991
NA18506	GM18506	SAME125059
NA12875	GM12875	SAME123390
NA18486	GM18486	SAME124099
NA18532	GM18532	SAME124482
NA18537	GM18537	SAME124485
NA18544	GM18544	SAME124265
NA18878	GM18878	SAME125107
NA18912	GM18912	SAME123404
NA18917	GM18917	SAME123407
NA18924	GM18924	SAME123202
NA18943	GM18943	SAME124309
NA18791	GM18791	SAME124073
NA18854	GM18854	SAME124734
NA18859	GM18859	SAME124731
NA18861	GM18861	SAME124905
NA18873	GM18873	SAME123536
NA18602	GM18602	SAME124876
NA18614	GM18614	SAME125034
NA18619	GM18619	SAME125043
NA18638	GM18638	SAME124693
NA18640	GM18640	SAME122980
NA18645	GM18645	SAME122975
NA18621	GM18621	SAME124509
NA18626	GM18626	SAME125250
NA18633	GM18633	SAME124704
NA18570	GM18570	SAME123741
NA18582	GM18582	SAME123905
NA18599	GM18599	SAME123713
NA18549	GM18549	SAME124262
NA18563	GM18563	SAME123928
NA19085	GM19085	SAME123365
NA19092	GM19092	SAME123173
NA19097	GM19097	SAME123168
NA19100	GM19100	SAME125401
NA19105	GM19105	SAME125389
NA19117	GM19117	SAME124914
NA18948	GM18948	SAME124316
NA18950	GM18950	SAME124112
NA18955	GM18955	SAME124107
NA18962	GM18962	SAME123958
NA18979	GM18979	SAME123759
NA18981	GM18981	SAME123426
NA18986	GM18986	SAME125069
NA18993	GM18993	SAME124894
NA18998	GM18998	SAME124891
NA19004	GM19004	SAME124473
NA19009	GM19009	SAME125133
NA19011	GM19011	SAME124512
NA19042	GM19042	SAME125242
NA19054	GM19054	SAME125028
NA19059	GM19059	SAME125023
NA19023	GM19023	SAME124854
NA19028	GM19028	SAME124848
NA19030	GM19030	SAME123544
NA19035	GM19035	SAME124664
NA19066	GM19066	SAME123008
NA19078	GM19078	SAME122824
NA19080	GM19080	SAME125313
NA18967	GM18967	SAME123963
NA18974	GM18974	SAME123768
NA19249	GM19249	SAME123682
NA19256	GM19256	SAME124707
NA19307	GM19307	SAME124981
NA19143	GM19143	SAME124609
NA19148	GM19148	SAME124606
NA19150	GM19150	SAME124838
NA19198	GM19198	SAME124049
NA19201	GM19201	SAME122990
NA19206	GM19206	SAME122983
NA19213	GM19213	SAME125384
NA19225	GM19225	SAME125218
NA19237	GM19237	SAME125000
NA19352	GM19352	SAME124075
NA19371	GM19371	SAME125111
NA19376	GM19376	SAME124469
NA19129	GM19129	SAME125021
NA19131	GM19131	SAME125230
NA19314	GM19314	SAME123309
NA19319	GM19319	SAME123438
NA19321	GM19321	SAME124569
NA19338	GM19338	SAME123274
NA19174	GM19174	SAME124882
NA19186	GM19186	SAME123861
NA19383	GM19383	SAME124273
NA19390	GM19390	SAME124493
NA19395	GM19395	SAME124490
NA19701	GM19701	SAME124232
NA19713	GM19713	SAME124448
NA19718	GM19718	SAME124444
NA19720	GM19720	SAME124118
NA19674	GM19674	SAME122792
NA19679	GM19679	SAME122796
NA19681	GM19681	SAME122938
NA19686	GM19686	SAME122939
NA19472	GM19472	SAME123120
NA19648	GM19648	SAME123307
NA19650	GM19650	SAME124976
NA19737	GM19737	SAME124872
NA19749	GM19749	SAME124726
NA19751	GM19751	SAME123699
NA19756	GM19756	SAME123696
NA19403	GM19403	SAME123636
NA19434	GM19434	SAME123850
NA19439	GM19439	SAME123847
NA19763	GM19763	SAME123896
NA19770	GM19770	SAME124068
NA19775	GM19775	SAME124065
NA19655	GM19655	SAME124980
NA19662	GM19662	SAME122960
NA19446	GM19446	SAME122949
NA19453	GM19453	SAME125413
NA19725	GM19725	SAME124689
NA19732	GM19732	SAME124778
NA20359	GM20359	SAME124601
NA20361	GM20361	SAME124785
NA20412	GM20412	SAME124002
NA20506	GM20506	SAME124362
NA19984	GM19984	SAME124287
NA20126	GM20126	SAME122885
NA20277	GM20277	SAME123613
NA20284	GM20284	SAME124581
NA19782	GM19782	SAME123145
NA19787	GM19787	SAME123148
NA19794	GM19794	SAME123328
NA19908	GM19908	SAME125053
NA19915	GM19915	SAME125274
NA19922	GM19922	SAME124711
NA20289	GM20289	SAME124579
NA20291	GM20291	SAME124373
NA20296	GM20296	SAME124380
NA20342	GM20342	SAME124398
NA20347	GM20347	SAME124401
NA19819	GM19819	SAME124676
NA20513	GM20513	SAME124561
NA20518	GM20518	SAME123178
NA20520	GM20520	SAME124019
NA20316	GM20316	SAME123806
NA20335	GM20335	SAME124197
NA20816	GM20816	SAME125186
NA20828	GM20828	SAME123076
NA20847	GM20847	SAME123432
NA20544	GM20544	SAME125146
NA20582	GM20582	SAME123474
NA20587	GM20587	SAME123481
NA20753	GM20753	SAME124178
NA20525	GM20525	SAME124015
NA20532	GM20532	SAME124171
NA20537	GM20537	SAME124168
NA20885	GM20885	SAME124525
NA20892	GM20892	SAME123109
NA20897	GM20897	SAME123664
NA20900	GM20900	SAME122920
NA20854	GM20854	SAME123248
NA20859	GM20859	SAME123249
NA20861	GM20861	SAME123807
NA20866	GM20866	SAME123808
NA20758	GM20758	SAME125117
NA20760	GM20760	SAME124364
NA20765	GM20765	SAME124367
NA20804	GM20804	SAME125224
NA20809	GM20809	SAME125359
NA20811	GM20811	SAME123069
NA20772	GM20772	SAME124574
NA20796	GM20796	SAME123819
NA20873	GM20873	SAME122841
NA20878	GM20878	SAME123595
NA21092	GM21092	SAME123322
NA21097	GM21097	SAME123319
NA21100	GM21100	SAME124440
NA21105	GM21105	SAME124437
NA21124	GM21124	SAME124024
NA21129	GM21129	SAME124023
NA21143	GM21143	SAME123359
NA21112	GM21112	SAME124182
NA21117	GM21117	SAME124185
NA20905	GM20905	SAME122915
HG00139		SAME123060
HG00141		SAME124395
HG00146		SAME124390
HG00153		SAME124594
HG00108		SAME125161
HG00110		SAME125339
HG00115		SAME125344
HG00122		SAME122876
HG00127		SAME122871
HG00134		SAME123067
HG00103		SAME125151
NA11993	GM11993	SAME123965
NA12340	GM12340	SAME125157
NA12376	GM12376	SAME123275
NA12383	GM12383	SAME124384
NA10837	GM10837	SAME124546
NA10851	GM10851	SAME125317
NA10856	GM10856	SAME124935
NA12489	GM12489	SAME125358
NA12718	GM12718	SAME124454
NA12749	GM12749	SAME124828
NA12814	GM12814	SAME123021
NA12864	GM12864	SAME123191
NA10863	GM10863	SAME125132
NA11830	GM11830	SAME124553
NA12004	GM12004	SAME125144
NA12890	GM12890	SAME124116
NA18487	GM18487	SAME124098
NA18519	GM18519	SAME124888
NA18521	GM18521	SAME123566
NA18526	GM18526	SAME124673
NA18499	GM18499	SAME124059
NA18502	GM18502	SAME125055
NA18507	GM18507	SAME125060
NA18603	GM18603	SAME124875
NA18608	GM18608	SAME124779
NA18610	GM18610	SAME123222
NA18615	GM18615	SAME123653
NA18571	GM18571	SAME123740
NA18576	GM18576	SAME123735
NA18595	GM18595	SAME123228
NA18639	GM18639	SAME124694
NA18641	GM18641	SAME122979
NA18646	GM18646	SAME122978
NA18533	GM18533	SAME124481
NA18538	GM18538	SAME123774
NA18545	GM18545	SAME124266
NA18552	GM18552	SAME124089
NA18557	GM18557	SAME124092
NA18564	GM18564	SAME123921
NA18622	GM18622	SAME125260
NA18627	GM18627	SAME124106
NA18634	GM18634	SAME124697
NA18879	GM18879	SAME125108
NA18881	GM18881	SAME125308
NA18906	GM18906	SAME123562
NA18913	GM18913	SAME123403
NA19012	GM19012	SAME124260
NA19017	GM19017	SAME124259
NA19024	GM19024	SAME124851
NA19031	GM19031	SAME123543
NA19036	GM19036	SAME124666
NA18862	GM18862	SAME125118
NA18867	GM18867	SAME124904
NA18874	GM18874	SAME125105
NA18747	GM18747	SAME123916
NA18855	GM18855	SAME124735
NA18925	GM18925	SAME123203
NA18944	GM18944	SAME124314
NA18963	GM18963	SAME123959
NA18968	GM18968	SAME123953
NA18970	GM18970	SAME123764
NA18975	GM18975	SAME123767
NA18994	GM18994	SAME124897
NA18999	GM18999	SAME124890
NA19000	GM19000	SAME124477
NA19005	GM19005	SAME124474
NA18949	GM18949	SAME124317
NA18951	GM18951	SAME124111
NA18956	GM18956	SAME124110
NA18982	GM18982	SAME125073
NA18987	GM18987	SAME125070
NA19214	GM19214	SAME125386
NA19221	GM19221	SAME125221
NA19226	GM19226	SAME125219
NA19238	GM19238	SAME124999
NA19240	GM19240	SAME123688
NA19086	GM19086	SAME123366
NA19093	GM19093	SAME123172
NA19098	GM19098	SAME123633
NA19101	GM19101	SAME123955
NA19113	GM19113	SAME123838
NA19118	GM19118	SAME122943
NA19120	GM19120	SAME125016
NA19132	GM19132	SAME125231
NA19137	GM19137	SAME125235
NA19144	GM19144	SAME123373
NA19149	GM19149	SAME124605
NA19151	GM19151	SAME124839
NA19199	GM19199	SAME124050
NA19202	GM19202	SAME122987
NA19207	GM19207	SAME122984
NA19175	GM19175	SAME124887
NA19067	GM19067	SAME123835
NA19074	GM19074	SAME122817
NA19079	GM19079	SAME122823
NA19081	GM19081	SAME123369
NA19043	GM19043	SAME125243
NA19055	GM19055	SAME125027
NA19062	GM19062	SAME123005
NA19466	GM19466	SAME123294
NA19473	GM19473	SAME123119
NA19625	GM19625	SAME123655
NA19649	GM19649	SAME123442
NA19651	GM19651	SAME123123
NA19252	GM19252	SAME123500
NA19257	GM19257	SAME123495
NA19308	GM19308	SAME124985
NA19310	GM19310	SAME123449
NA19404	GM19404	SAME123637
NA19428	GM19428	SAME124036
NA19430	GM19430	SAME123854
NA19435	GM19435	SAME123849
NA19656	GM19656	SAME123130
NA19663	GM19663	SAME122961
NA19670	GM19670	SAME122795
NA19384	GM19384	SAME124272
NA19391	GM19391	SAME124494
NA19396	GM19396	SAME124491
NA19315	GM19315	SAME123310
NA19327	GM19327	SAME123473
NA19334	GM19334	SAME123722
NA19675	GM19675	SAME122791
NA19682	GM19682	SAME122935
NA19346	GM19346	SAME124341
NA19360	GM19360	SAME124915
NA19372	GM19372	SAME125100
NA19377	GM19377	SAME124470
NA19454	GM19454	SAME125412
NA19461	GM19461	SAME123298
NA19702	GM19702	SAME124231
NA19707	GM19707	SAME124234
NA19714	GM19714	SAME124449
NA19719	GM19719	SAME124445
NA19985	GM19985	SAME123900
NA20127	GM20127	SAME122884
NA20278	GM20278	SAME123617
NA20285	GM20285	SAME124582
NA19757	GM19757	SAME123697
NA19764	GM19764	SAME123898
NA19771	GM19771	SAME124069
NA19776	GM19776	SAME124062
NA19721	GM19721	SAME125311
NA19726	GM19726	SAME124692
NA19733	GM19733	SAME124868
NA19795	GM19795	SAME123329
NA19834	GM19834	SAME125030
NA19904	GM19904	SAME125047
NA19738	GM19738	SAME123482
NA19740	GM19740	SAME124719
NA19752	GM19752	SAME123700
NA19783	GM19783	SAME123144
NA19788	GM19788	SAME123153
NA19790	GM19790	SAME123326
NA19909	GM19909	SAME125052
NA19916	GM19916	SAME125271
NA19923	GM19923	SAME124710
NA20292	GM20292	SAME124376
NA20297	GM20297	SAME124379
NA20300	GM20300	SAME123603
NA20312	GM20312	SAME123810
NA20362	GM20362	SAME124788
NA20413	GM20413	SAME124951
NA20502	GM20502	SAME124358
NA20507	GM20507	SAME124361
NA20343	GM20343	SAME124397
NA20348	GM20348	SAME124407
NA20350	GM20350	SAME124595
NA20355	GM20355	SAME124597
NA20773	GM20773	SAME124575
NA20778	GM20778	SAME124571
NA20785	GM20785	SAME123611
NA20792	GM20792	SAME123817
NA20797	GM20797	SAME123820
NA20526	GM20526	SAME124014
NA20533	GM20533	SAME124172
NA20538	GM20538	SAME124163
NA20317	GM20317	SAME123943
NA20336	GM20336	SAME124194
NA20514	GM20514	SAME124558
NA20519	GM20519	SAME123179
NA20521	GM20521	SAME124018
NA20540	GM20540	SAME125148
NA20588	GM20588	SAME122866
NA20754	GM20754	SAME124173
NA20800	GM20800	SAME125364
NA20805	GM20805	SAME125361
NA20812	GM20812	SAME125190
NA20759	GM20759	SAME125094
NA20761	GM20761	SAME124363
NA20766	GM20766	SAME124370
NA20886	GM20886	SAME123878
NA20893	GM20893	SAME123668
NA20898	GM20898	SAME123141
NA20874	GM20874	SAME123597
NA20879	GM20879	SAME123594
NA20881	GM20881	SAME124531
NA21093	GM21093	SAME123323
NA21098	GM21098	SAME123324
NA21101	GM21101	SAME124441
NA21106	GM21106	SAME124434
NA21113	GM21113	SAME124181
NA21118	GM21118	SAME123585
NA21120	GM21120	SAME124028
NA20850	GM20850	SAME123246
NA20862	GM20862	SAME123804
NA20867	GM20867	SAME123809
NA20901	GM20901	SAME122919
NA20906	GM20906	SAME122918
NA21086	GM21086	SAME123139
NA21125	GM21125	SAME124025
NA21137	GM21137	SAME124038
NA21144	GM21144	SAME124511
NA20829	GM20829	SAME123077
NA20831	GM20831	SAME122893
NA06995	GM06995	SAME123994
NA07037	GM07037	SAME122862
HG04222		SAME1839040
HG04227		SAME1839056
HG04239		SAME1840281
NA12877	GM12877	SAME123391
NA12889	GM12889	SAME123951
NA12891	GM12891	SAME124117
NA18488	GM18488	SAME124103
NA12815	GM12815	SAME123022
NA12827	GM12827	SAME125077
NA12865	GM12865	SAME123190
NA12872	GM12872	SAME123387
NA18515	GM18515	SAME124881
NA18522	GM18522	SAME124669
NA18527	GM18527	SAME124674
NA18503	GM18503	SAME125056
NA18508	GM18508	SAME124318
NA18510	GM18510	SAME124886
NA12752	GM12752	SAME123518
NA12776	GM12776	SAME124256
NA12341	GM12341	SAME125158
NA12485	GM12485	SAME125360
NA12707	GM12707	SAME124080
NA12740	GM12740	SAME124822
NA18534	GM18534	SAME124488
NA18539	GM18539	SAME124475
NA18541	GM18541	SAME124270
NA18546	GM18546	SAME124263
NA18553	GM18553	SAME124088
NA18558	GM18558	SAME124094
NA18560	GM18560	SAME123925
NA18565	GM18565	SAME123922
NA18863	GM18863	SAME124907
NA18868	GM18868	SAME124910
NA18870	GM18870	SAME125101
NA18875	GM18875	SAME123545
NA18933	GM18933	SAME123037
NA18940	GM18940	SAME124310
NA18945	GM18945	SAME124315
NA18748	GM18748	SAME123909
NA18856	GM18856	SAME124736
NA18907	GM18907	SAME123563
NA18914	GM18914	SAME123406
NA18572	GM18572	SAME123739
NA18577	GM18577	SAME123734
NA18591	GM18591	SAME123719
NA18596	GM18596	SAME123718
NA18635	GM18635	SAME123661
NA18642	GM18642	SAME122982
NA18647	GM18647	SAME122977
NA18609	GM18609	SAME124867
NA18611	GM18611	SAME123225
NA18616	GM18616	SAME125032
NA18623	GM18623	SAME124507
NA18628	GM18628	SAME124502
NA18630	GM18630	SAME124895
NA18952	GM18952	SAME124114
NA18957	GM18957	SAME124109
NA19099	GM19099	SAME125240
NA19102	GM19102	SAME125112
NA19107	GM19107	SAME123393
NA19114	GM19114	SAME122953
NA19119	GM19119	SAME122944
NA19121	GM19121	SAME125015
NA19138	GM19138	SAME125236
NA19140	GM19140	SAME124608
NA19087	GM19087	SAME123367
NA19094	GM19094	SAME123171
NA19044	GM19044	SAME125244
NA19056	GM19056	SAME125026
NA19063	GM19063	SAME123006
NA18964	GM18964	SAME123960
NA18969	GM18969	SAME123954
NA18971	GM18971	SAME123763
NA18976	GM18976	SAME123766
NA19068	GM19068	SAME123012
NA19070	GM19070	SAME122820
NA19075	GM19075	SAME122816
NA19082	GM19082	SAME123370
NA18995	GM18995	SAME124896
NA19001	GM19001	SAME124478
NA19006	GM19006	SAME125119
NA18983	GM18983	SAME125074
NA18988	GM18988	SAME125078
NA18990	GM18990	SAME124893
NA19020	GM19020	SAME124855
NA19025	GM19025	SAME124852
NA19037	GM19037	SAME124665
NA19210	GM19210	SAME125383
NA19215	GM19215	SAME125385
NA19222	GM19222	SAME124147
NA19239	GM19239	SAME125081
NA19258	GM19258	SAME125045
NA19309	GM19309	SAME124984
NA19311	GM19311	SAME123452
NA19171	GM19171	SAME124419
NA19176	GM19176	SAME124416
NA19190	GM19190	SAME124041
NA19347	GM19347	SAME124340
NA19359	GM19359	SAME125093
NA19373	GM19373	SAME124706
NA19378	GM19378	SAME125091
NA19380	GM19380	SAME124276
NA19385	GM19385	SAME124271
NA19397	GM19397	SAME124492
NA19145	GM19145	SAME123372
NA19152	GM19152	SAME123017
NA19429	GM19429	SAME124037
NA19431	GM19431	SAME123853
NA19436	GM19436	SAME123852
NA19195	GM19195	SAME125310
NA19203	GM19203	SAME122988
NA19208	GM19208	SAME122993
NA19316	GM19316	SAME123311
NA19323	GM19323	SAME123471
NA19328	GM19328	SAME123463
NA19443	GM19443	SAME122954
NA19448	GM19448	SAME122945
NA19455	GM19455	SAME125411
NA19462	GM19462	SAME123296
NA19467	GM19467	SAME123295
NA19474	GM19474	SAME123122
NA19652	GM19652	SAME124978
NA19657	GM19657	SAME123129
NA19664	GM19664	SAME122955
NA19669	GM19669	SAME123903
NA19777	GM19777	SAME124063
NA19784	GM19784	SAME123151
NA19789	GM19789	SAME123152
NA19741	GM19741	SAME124718
NA19746	GM19746	SAME123502
NA19753	GM19753	SAME123701
NA19671	GM19671	SAME122794
NA19676	GM19676	SAME122790
NA19683	GM19683	SAME122936
NA19758	GM19758	SAME123706
NA19760	GM19760	SAME123895
NA19772	GM19772	SAME124066
NA19722	GM19722	SAME124696
NA19727	GM19727	SAME123639
NA19734	GM19734	SAME124873
NA19703	GM19703	SAME124230
NA19708	GM19708	SAME124229
NA19796	GM19796	SAME123330
NA19828	GM19828	SAME125246
NA19835	GM19835	SAME125029
NA19900	GM19900	SAME125050
NA19905	GM19905	SAME125046
NA20128	GM20128	SAME122887
NA20274	GM20274	SAME123615
NA20279	GM20279	SAME123616
NA20281	GM20281	SAME124584
NA20344	GM20344	SAME124404
NA20349	GM20349	SAME124406
NA20351	GM20351	SAME124596
NA20356	GM20356	SAME124598
NA20318	GM20318	SAME123802
NA20320	GM20320	SAME123997
NA20332	GM20332	SAME124198
NA20337	GM20337	SAME124195
NA20298	GM20298	SAME124382
NA20301	GM20301	SAME123602
NA20313	GM20313	SAME123811
NA20363	GM20363	SAME124787
NA20414	GM20414	SAME123988
NA20503	GM20503	SAME124357
NA19917	GM19917	SAME125272
NA19924	GM19924	SAME124714
NA20508	GM20508	SAME124355
NA20510	GM20510	SAME124562
NA20515	GM20515	SAME124559
NA20522	GM20522	SAME124017
NA20527	GM20527	SAME124013
NA20534	GM20534	SAME124165
NA20539	GM20539	SAME124164
NA20868	GM20868	SAME123800
NA20870	GM20870	SAME122839
NA20875	GM20875	SAME123596
NA20882	GM20882	SAME123882
NA20902	GM20902	SAME122922
NA20907	GM20907	SAME122917
NA21087	GM21087	SAME123138
NA20798	GM20798	SAME123821
NA20801	GM20801	SAME125365
NA20806	GM20806	SAME125362
NA20813	GM20813	SAME125189
NA20849	GM20849	SAME123433
NA20851	GM20851	SAME123245
NA20856	GM20856	SAME123247
NA20863	GM20863	SAME123805
NA20541	GM20541	SAME125147
NA20589	GM20589	SAME122865
NA20755	GM20755	SAME124174
NA20887	GM20887	SAME123879
NA20894	GM20894	SAME123667
NA20899	GM20899	SAME123140
NA20818	GM20818	SAME125184
NA20832	GM20832	SAME122894
NA20774	GM20774	SAME124572
NA20786	GM20786	SAME123610
NA20762	GM20762	SAME124744
NA20767	GM20767	SAME124369
NA21094	GM21094	SAME123317
NA21099	GM21099	SAME123325
NA21102	GM21102	SAME124438
NA21107	GM21107	SAME124435
NA21114	GM21114	SAME124184
NA21119	GM21119	SAME123584
NA21121	GM21121	SAME123163
NA21126	GM21126	SAME124026
NA21133	GM21133	SAME123831
NA12878	GM12878	SAME123392
NA12892	GM12892	SAME123181
NA18484	GM18484	SAME124101
NA18489	GM18489	SAME124102
NA12753	GM12753	SAME124647
NA12760	GM12760	SAME124465
NA12777	GM12777	SAME125252
NA18516	GM18516	SAME124884
NA18523	GM18523	SAME124670
NA18528	GM18528	SAME124661
NA18530	GM18530	SAME124484
NA12828	GM12828	SAME125076
NA12830	GM12830	SAME125289
NA12842	GM12842	SAME123542
NA18504	GM18504	SAME125061
NA18509	GM18509	SAME125066
NA18511	GM18511	SAME124885
NA18605	GM18605	SAME124877
NA18612	GM18612	SAME125036
NA18617	GM18617	SAME125033
NA18535	GM18535	SAME124487
NA18542	GM18542	SAME124267
NA18547	GM18547	SAME124264
NA18573	GM18573	SAME123738
NA18592	GM18592	SAME123721
NA18597	GM18597	SAME123232
NA18559	GM18559	SAME124093
NA18561	GM18561	SAME123926
NA18566	GM18566	SAME123923
NA18934	GM18934	SAME123036
NA18939	GM18939	SAME123041
NA18941	GM18941	SAME124311
NA18946	GM18946	SAME124312
NA18864	GM18864	SAME124903
NA18869	GM18869	SAME124909
NA18871	GM18871	SAME125102
NA18876	GM18876	SAME125103
NA18749	GM18749	SAME123910
NA18794	GM18794	SAME124989
NA18852	GM18852	SAME124732
NA18857	GM18857	SAME124737
NA18908	GM18908	SAME123560
NA18910	GM18910	SAME123402
NA18915	GM18915	SAME123405
NA18984	GM18984	SAME125071
NA18989	GM18989	SAME125079
NA18991	GM18991	SAME124892
NA18965	GM18965	SAME123961
NA18972	GM18972	SAME123762
NA18977	GM18977	SAME123765
NA18624	GM18624	SAME124506
NA18629	GM18629	SAME124501
NA18631	GM18631	SAME124056
NA18636	GM18636	SAME124320
NA18643	GM18643	SAME122981
NA18648	GM18648	SAME122974
NA18953	GM18953	SAME124113
NA18960	GM18960	SAME123956
NA19160	GM19160	SAME123758
NA19172	GM19172	SAME124420
NA19177	GM19177	SAME124417
NA19184	GM19184	SAME123859
NA19189	GM19189	SAME123869
NA19191	GM19191	SAME124042
NA19141	GM19141	SAME124607
NA19146	GM19146	SAME125080
NA19153	GM19153	SAME123019
NA19103	GM19103	SAME124330
NA19108	GM19108	SAME125378
NA19115	GM19115	SAME123857
NA19088	GM19088	SAME123360
NA19090	GM19090	SAME123175
NA19095	GM19095	SAME123170
NA19122	GM19122	SAME125014
NA19127	GM19127	SAME125017
NA19139	GM19139	SAME125237
NA19019	GM19019	SAME124000
NA19026	GM19026	SAME124849
NA19038	GM19038	SAME124668
NA19002	GM19002	SAME124479
NA19007	GM19007	SAME124476
NA19057	GM19057	SAME125025
NA19064	GM19064	SAME123010
NA19076	GM19076	SAME122819
NA19083	GM19083	SAME123371
NA19444	GM19444	SAME122947
NA19449	GM19449	SAME122946
NA19451	GM19451	SAME125415
NA19456	GM19456	SAME125410
NA19463	GM19463	SAME123297
NA19247	GM19247	SAME123691
NA19254	GM19254	SAME123494
NA19312	GM19312	SAME123315
NA19379	GM19379	SAME125092
NA19381	GM19381	SAME124275
NA19393	GM19393	SAME124496
NA19398	GM19398	SAME124497
NA19211	GM19211	SAME125382
NA19223	GM19223	SAME125223
NA19235	GM19235	SAME125002
NA19468	GM19468	SAME123299
NA19470	GM19470	SAME123118
NA19475	GM19475	SAME123121
NA19317	GM19317	SAME123312
NA19324	GM19324	SAME123472
NA19331	GM19331	SAME123250
NA19196	GM19196	SAME124043
NA19204	GM19204	SAME122985
NA19209	GM19209	SAME122994
NA19401	GM19401	SAME123634
NA19432	GM19432	SAME123855
NA19437	GM19437	SAME123851
NA19350	GM19350	SAME122853
NA19355	GM19355	SAME124077
NA19374	GM19374	SAME125115
NA19653	GM19653	SAME123125
NA19658	GM19658	SAME123132
NA19660	GM19660	SAME122958
NA19665	GM19665	SAME122956
NA19672	GM19672	SAME122793
NA19677	GM19677	SAME122789
NA19684	GM19684	SAME122941
NA19778	GM19778	SAME124060
NA19780	GM19780	SAME123147
NA19785	GM19785	SAME123150
NA19792	GM19792	SAME123327
NA19913	GM19913	SAME124432
NA19918	GM19918	SAME125275
NA19920	GM19920	SAME124713
NA19982	GM19982	SAME124293
NA19797	GM19797	SAME123331
NA19836	GM19836	SAME125031
NA19901	GM19901	SAME125049
NA19759	GM19759	SAME123707
NA19761	GM19761	SAME123894
NA19766	GM19766	SAME123899
NA19773	GM19773	SAME124067
NA19723	GM19723	SAME124695
NA19728	GM19728	SAME124702
NA19730	GM19730	SAME124869
NA19735	GM19735	SAME124874
NA19704	GM19704	SAME124236
NA19711	GM19711	SAME124446
NA19716	GM19716	SAME124450
NA19742	GM19742	SAME123504
NA19747	GM19747	SAME123501
NA19754	GM19754	SAME123694
NA20314	GM20314	SAME125304
NA20319	GM20319	SAME123803
NA20321	GM20321	SAME123996
NA20333	GM20333	SAME124199
NA20129	GM20129	SAME122886
NA20282	GM20282	SAME124583
NA20287	GM20287	SAME124580
NA20340	GM20340	SAME124400
NA20345	GM20345	SAME124403
NA20357	GM20357	SAME124599
NA20294	GM20294	SAME124776
NA20299	GM20299	SAME124381
NA20302	GM20302	SAME123601
NA20364	GM20364	SAME124784
NA20504	GM20504	SAME124360
NA20756	GM20756	SAME124175
NA20763	GM20763	SAME124365
NA20768	GM20768	SAME124372
NA20770	GM20770	SAME124576
NA20528	GM20528	SAME124012
NA20530	GM20530	SAME124169
NA20535	GM20535	SAME124166
NA20509	GM20509	SAME124354
NA20511	GM20511	SAME124563
NA20516	GM20516	SAME124556
NA20542	GM20542	SAME125150
NA20585	GM20585	SAME122861
NA20869	GM20869	SAME123801
NA20871	GM20871	SAME123600
NA20876	GM20876	SAME123599
NA20883	GM20883	SAME123883
NA20903	GM20903	SAME122921
NA20908	GM20908	SAME123777
NA20910	GM20910	SAME123100
NA21088	GM21088	SAME123143
NA20814	GM20814	SAME125188
NA20819	GM20819	SAME125183
NA20821	GM20821	SAME123075
NA20826	GM20826	SAME123070
NA20845	GM20845	SAME123430
NA20888	GM20888	SAME125258
NA20890	GM20890	SAME123671
NA20895	GM20895	SAME123666
NA21108	GM21108	SAME124442
NA21110	GM21110	SAME124180
NA21115	GM21115	SAME124183
NA21122	GM21122	SAME124030
NA20799	GM20799	SAME123822
NA20802	GM20802	SAME125366
NA20807	GM20807	SAME125363
NA21090	GM21090	SAME123320
NA21095	GM21095	SAME123318
NA21103	GM21103	SAME124439
NA20775	GM20775	SAME124573
NA20787	GM20787	SAME123609
NA20852	GM20852	SAME123244
NA20864	GM20864	SAME123944
NA21127	GM21127	SAME124027
NA21134	GM21134	SAME123830
NA21141	GM21141	SAME125205
